OTU_ID,Group,Mean,SD,N,SEM,P_value,Q_value
d__Bacteria;p__Bacteroidota;c__Bacteroidia;o__Bacteroidales;f__Bacteroidaceae,D4_INU,131.444444444444,195.205731928593,9,65.0685773095311,1.1745918526706589e-07,3.922115403700287e-06
d__Bacteria;p__Firmicutes_A;c__Clostridia_258483;o__Oscillospirales;f__Oscillospiraceae_88309,D4_INU,183.444444444444,181.531754185811,9,60.5105847286037,5.858684997139818e-07,8.180854686915237e-06
d__Bacteria;p__Firmicutes_A;c__Clostridia_258483;o__Christensenellales;__,D1_INU,0.0,0.0,6,0.0,9.236604108231461e-07,1.7301736475906738e-05
d__Bacteria;p__Firmicutes_A;c__Clostridia_258483;o__Christensenellales;__,D2_INU,13.0,31.8433666561813,6,13.0,1.859413812255184e-06,3.320999553051119e-05
d__Bacteria;p__Firmicutes_A;c__Clostridia_258483;o__Oscillospirales;f__Ruminococcaceae,D4_INU,62.4444444444444,84.5637497854594,9,28.1879165951531,2.37266314351281e-06,2.3065889800225797e-05
d__Bacteria;p__Bacteroidota;c__Bacteroidia;o__Bacteroidales;f__Tannerellaceae,D4_INU,1560.44444444444,209.912547928364,9,69.9708493094547,2.9064967175251866e-06,0.00014881263193728956
d__Bacteria;p__Bacteroidota;c__Bacteroidia;o__Bacteroidales;f__Bacteroidaceae,D3_INU,2175.66666666667,175.317616532585,6,71.5731172376271,1.1554966046878334e-05,0.00042258161542869336
d__Bacteria;p__Verrucomicrobiota;c__Verrucomicrobiae;o__Verrucomicrobiales;f__Akkermansiaceae,D4_INU,3492.88888888889,196.761559027954,9,65.5871863426514,1.610214549563338e-05,0.0017666353915209193
d__Bacteria;p__Firmicutes_A;c__Clostridia_258483;o__Christensenellales;__,D3_INU,4.16666666666667,10.2062072615966,6,4.16666666666667,5.346628680036325e-05,0.0009124912947261995
d__Bacteria;p__Bacteroidota;c__Bacteroidia;o__Bacteroidales;f__Bacteroidaceae,D2_INU,2210.66666666667,300.992137217348,6,122.879525462047,5.363231741006835e-05,0.0021678747247859207
d__Bacteria;p__Bacteroidota;c__Bacteroidia;o__Bacteroidales;f__Coprobacteraceae,D3_INU,11.6666666666667,17.1775046693828,6,7.01268691571054,0.00011574012623150054,0.00030337343667505946
d__Bacteria;p__Bacteroidota;c__Bacteroidia;o__Bacteroidales;f__Rikenellaceae,D2_INU,318.666666666667,60.6256271445225,6,24.7503086400509,0.0004084348201707222,0.005316575286290079
d__Bacteria;p__Firmicutes_D;c__Bacilli;o__Erysipelotrichales;f__Coprobacillaceae,D4_INU,39.4444444444444,39.9346688702658,9,13.3115562900886,0.000410790601912181,0.002484151041484685
d__Bacteria;p__Bacteroidota;c__Bacteroidia;o__Bacteroidales;f__Bacteroidaceae,D1_INU,1858.0,326.388725295467,6,133.247639128554,0.0005086077613964957,0.02297710357367698
d__Bacteria;p__Firmicutes_A;c__Clostridia_258483;o__Lachnospirales;f__Lachnospiraceae,D3_INU,1146.66666666667,204.481458002105,6,83.4792056609176,0.0008285091990423155,0.02194120913325856
d__Bacteria;p__Bacteroidota;c__Bacteroidia;o__Bacteroidales;f__Tannerellaceae,D2_INU,269.333333333333,49.0903928143447,6,20.0410689446557,0.0012247560926652579,0.08551024356062892
d__Bacteria;p__Bacteroidota;c__Bacteroidia;o__Bacteroidales;f__Rikenellaceae,D3_INU,739.5,134.721564717754,6,54.9998484846398,0.0012512662581036782,0.01575364731514139
d__Bacteria;p__Firmicutes_A;c__Clostridia_258483;o__Oscillospirales;f__Ruminococcaceae,D2_INU,146.166666666667,48.1598034326,6,19.6611574204346,0.0016612902178243516,0.01701161183052136
d__Bacteria;p__Desulfobacterota_I;c__Desulfovibrionia;o__Desulfovibrionales;f__Desulfovibrionaceae,D1_INU,162.666666666667,42.3965407393889,6,17.3083152784371,0.002131246491590799,0.04959991834974951
d__Bacteria;p__Proteobacteria;c__Gammaproteobacteria;o__Enterobacterales_A_737866;f__Enterobacteriaceae_A,D4_INU,214.333333333333,121.339400031482,9,40.4464666771607,0.004519960563762249,0.016145719595206543
d__Bacteria;p__Firmicutes_A;c__Clostridia_258483;o__Lachnospirales;f__Lachnospiraceae,D2_INU,990.166666666667,171.731670540604,6,70.1091609167051,0.004988569638511464,0.14189709193988165
d__Bacteria;p__Firmicutes_A;c__Clostridia_258483;o__Christensenellales;f__CAG-314,D1_INU,78.0,40.1547008456046,6,16.3930879743059,0.005067949925988913,0.017936338908569056
d__Bacteria;p__Proteobacteria;c__Gammaproteobacteria;o__Burkholderiales_595427;f__Burkholderiaceae_A_595427,D3_INU,292.166666666667,88.8581266214107,6,36.2761782870124,0.005266607082889729,0.05861962666172916
d__Bacteria;p__Bacteroidota;c__Bacteroidia;o__Bacteroidales;f__Barnesiellaceae,D1_INU,85.6666666666667,19.7956224117017,6,8.08152900824535,0.0056293821673212285,0.053374882771638314
d__Bacteria;p__Firmicutes_B_370539;c__Dehalobacteriia;o__Dehalobacteriales;f__Dehalobacteriaceae,D4_INU,0.0,0.0,9,0.0,0.006536716074377225,0.021005012322684972
d__Bacteria;p__Cyanobacteria;c__Vampirovibrionia;o__Gastranaerophilales;f__Gastranaerophilaceae,D3_INU,55.1666666666667,30.7142746400866,6,12.5390501146529,0.0070245690478714096,0.016200807894189918
d__Bacteria;p__Firmicutes_A;c__Clostridia_258483;o__Clostridiales;f__Clostridiaceae_222000,D1_INU,0.0,0.0,6,0.0,0.007250214250129172,0.024747397973774243
d__Bacteria;p__Proteobacteria;c__Gammaproteobacteria;o__Burkholderiales_595427;f__Burkholderiaceae_A_595427,D2_INU,201.833333333333,65.7492712253654,6,26.8420275770003,0.008726938385535288,0.10003415940434479
d__Bacteria;p__Firmicutes_A;c__Clostridia_258483;o__Christensenellales;f__Borkfalkiaceae,D2_INU,6.5,7.23187389270582,6,2.95240015354739,0.015331555236470118,0.060382740623636154
d__Bacteria;p__Verrucomicrobiota;c__Verrucomicrobiae;o__Verrucomicrobiales;f__Akkermansiaceae,D2_INU,1735.66666666667,284.026524582946,6,115.95334310738,0.015333567000581638,3.9253931521488994
d__Bacteria;p__Firmicutes_A;c__Clostridia_258483;o__Lachnospirales;f__Lachnospiraceae,D1_INU,843.5,174.299454961856,6,71.1574545169607,0.017034542989506907,0.5233011606376522
d__Bacteria;p__Firmicutes_D;c__Bacilli;o__Aneurinibacillales;f__RAOX-1,D2_INU,1.33333333333333,3.2659863237109,6,1.33333333333333,0.01880774191547041,0.08069466922391774
d__Bacteria;p__Bacteroidota;c__Bacteroidia;o__Bacteroidales;f__Marinifilaceae,D1_INU,229.166666666667,40.0070827062742,6,16.3328231212828,0.019097464744833648,0.1647961002700252
d__Bacteria;p__Desulfobacterota_I;c__Desulfovibrionia;o__Desulfovibrionales;f__Desulfovibrionaceae,D2_INU,210.0,77.3511473735199,6,31.5784736806578,0.019345907400331708,0.42450448238442146
d__Bacteria;p__Bacteroidota;c__Bacteroidia;o__Bacteroidales;f__UBA11471,D2_INU,0.0,0.0,6,0.0,0.020735679880267144,0.0634462236973911
d__Bacteria;p__Firmicutes_A;c__Clostridia_258483;o__Christensenellales;f__CAG-74,D3_INU,5.83333333333333,10.8520351393951,6,4.43032479371183,0.02074065803384073,0.03645040130432421
d__Bacteria;p__Proteobacteria;c__Alphaproteobacteria;o__RF32;f__CAG-239,D2_INU,207.0,75.702047528452,6,30.9052314881046,0.02131535389831729,0.105614140605856
d__Bacteria;p__Bacteroidota;c__Bacteroidia;o__Bacteroidales;f__Coprobacteraceae,D2_INU,0.0,0.0,6,0.0,0.03065232441719412,0.08089685619383191
d__Bacteria;p__Firmicutes_A;c__Clostridia_258483;o__Oscillospirales;f__Oscillospiraceae_88309,D3_INU,427.666666666667,150.760295391946,6,61.5476328635888,0.030937501807857037,0.4483019129893246
d__Bacteria;p__Firmicutes_A;c__Clostridia_258483;o__Christensenellales;f__Borkfalkiaceae,D1_INU,22.5,27.0979704037037,6,11.0627000923524,0.03244079869252392,0.12909084661066514
d__Bacteria;p__Firmicutes_A;c__Clostridia_258483;o__Oscillospirales;f__Butyricicoccaceae,D3_INU,0.0,0.0,6,0.0,0.03329803000548348,0.06712043843625017
d__Bacteria;p__Firmicutes_D;c__Bacilli;o__Erysipelotrichales;f__Coprobacillaceae,D3_INU,24.5,21.8151323626514,6,8.90599049329532,0.0359921691248799,0.22113588710326212
d__Bacteria;p__Desulfobacterota_I;c__Desulfovibrionia;o__Desulfovibrionales;f__Desulfovibrionaceae,D3_INU,241.666666666667,92.1013934024164,6,37.6002364058762,0.036629832863390055,0.7603165307860422
d__Bacteria;p__Bacteroidota;c__Bacteroidia;o__Bacteroidales;f__UBA11471,D3_INU,27.1666666666667,42.9437616734569,6,17.5317172892763,0.03812616294696114,0.11573475550698085
d__Bacteria;p__Proteobacteria;c__Alphaproteobacteria;o__RF32;f__CAG-239,D3_INU,168.0,45.281342736275,6,18.4860307619925,0.04172419350486645,0.20410306122125751
d__Bacteria;p__Actinobacteriota;c__Coriobacteriia;o__Coriobacteriales;f__Eggerthellaceae,D2_INU,14.0,9.75704873412037,6,3.98329846567724,0.043406800316179384,0.09833752991984002
d__Bacteria;p__Firmicutes_D;c__Bacilli;o__Erysipelotrichales;f__Erysipelotrichaceae,D4_INU,96.1111111111111,99.7414713702937,9,33.2471571234312,0.04738799340451938,0.3058317557535368
d__Bacteria;p__Actinobacteriota;c__Coriobacteriia;o__Coriobacteriales;f__Eggerthellaceae,D4_INU,12.4444444444444,11.046618386537,9,3.68220612884567,0.05364518558207165,0.12011516771729162
d__Bacteria;p__Firmicutes_A;c__Clostridia_258483;o__Oscillospirales;__,D4_INU,0.0,0.0,9,0.0,0.05469989757561344,0.13864528494412912
d__Bacteria;p__Verrucomicrobiota;c__Verrucomicrobiae;o__Verrucomicrobiales;f__Akkermansiaceae,D3_INU,1175.66666666667,528.42243202448,6,215.727554516751,0.06007581465824097,9.227645131505813
d__Bacteria;p__Proteobacteria;c__Gammaproteobacteria;o__Burkholderiales_592524;f__Burkholderiaceae_A_580492,D4_INU,2.88888888888889,3.98260104844951,9,1.3275336828165,0.06123049555004312,0.07092763285434858
d__Bacteria;p__Firmicutes_D;c__Bacilli;o__Erysipelotrichales;f__Erysipelotrichaceae,D2_INU,8.16666666666667,10.1472492167418,6,4.14259714564561,0.06749906433926278,0.4507763601091636
Unassigned;__;__;__;__,D2_INU,8.5,7.4766302570075,6,3.0523215208537,0.06765676613630123,0.09935066231869855
d__Bacteria;p__Firmicutes_G;c__SHA-98;o__DTU014;f__DTU014,D3_INU,3.5,3.72827037646145,6,1.52206000757745,0.06981471710284137,0.09103175337008858
d__Bacteria;p__Firmicutes_D;c__Bacilli;o__Aneurinibacillales;f__RAOX-1,D4_INU,81.0,43.3301280865866,9,14.4433760288622,0.07320187774563713,0.3072078803751329
d__Bacteria;p__Firmicutes_D;c__Bacilli;o__Erysipelotrichales;f__Coprobacillaceae,D1_INU,38.0,23.013039781828,6,9.39503414930817,0.07679889204972934,0.48745081896026554
d__Bacteria;p__Proteobacteria;c__Gammaproteobacteria;o__Burkholderiales_592524;f__Burkholderiaceae_A_574938,D2_INU,2.33333333333333,2.58198889747161,6,1.05409255338946,0.07775208077043505,0.08742840121770734
d__Bacteria;p__Actinobacteriota;c__Coriobacteriia;o__Coriobacteriales;f__Eggerthellaceae,D1_INU,2.66666666666667,4.17931413830866,6,1.70619785227596,0.08145119399972978,0.1856217121418174
d__Bacteria;p__Verrucomicrobiota;c__Lentisphaeria;o__Victivallales;f__Victivallaceae,D3_INU,1.33333333333333,1.50554530541816,6,0.614636297152859,0.0822151830776452,0.13018816619305465
d__Bacteria;p__Firmicutes_A;c__Clostridia_258483;o__Christensenellales;f__Borkfalkiaceae,D4_INU,51.4444444444444,78.6703742064176,9,26.2234580688059,0.08655940225732195,0.33405839665137316
d__Bacteria;p__Firmicutes_A;c__Clostridia_258483;__;__,D4_INU,0.0,0.0,9,0.0,0.09060058979032792,0.5154166885849766
d__Bacteria;p__Firmicutes_A;c__Clostridia_258483;o__Peptostreptococcales;f__Anaerovoracaceae,D4_INU,5.88888888888889,9.1848304889699,9,3.06161016298997,0.09063038352257125,0.16149451170611304
d__Bacteria;p__Verrucomicrobiota;c__Verrucomicrobiae;o__Verrucomicrobiales;f__Akkermansiaceae,D1_INU,1637.83333333333,459.428086501758,6,187.560730905426,0.09320242994746208,71.57946619965088
d__Bacteria;p__Actinobacteriota;c__Actinomycetia;o__Actinomycetales;f__Bifidobacteriaceae,D2_INU,48.5,57.663680076804,6,23.5410988132103,0.09440597703541154,0.23017076305776527
d__Bacteria;p__Firmicutes_A;__;__;__,D4_INU,0.0,0.0,9,0.0,0.0948782349750652,0.2029707088045963
Unassigned;__;__;__;__,D4_INU,3.33333333333333,5.29150262212918,9,1.76383420737639,0.09545200899274064,0.13910273796285544
d__Bacteria;p__Firmicutes_C;c__Negativicutes;o__Acidaminococcales;f__Acidaminococcaceae,D1_INU,0.0,0.0,6,0.0,0.09595127480317944,0.30577003754706145
d__Bacteria;p__Firmicutes_A;c__Clostridia_258483;o__Oscillospirales;__,D1_INU,0.0,0.0,6,0.0,0.10000054652997115,0.2585872718350769
d__Bacteria;p__Firmicutes_A;c__Clostridia_258483;o__Oscillospirales;f__Acutalibacteraceae,D3_INU,39.1666666666667,30.8377474317867,6,12.5894576707833,0.10373362949307219,0.4215207801623251
d__Bacteria;p__Firmicutes_A;c__Clostridia_258483;__;__,D1_INU,0.0,0.0,6,0.0,0.10766612393004582,0.6409890168858542
d__Bacteria;p__Firmicutes_A;c__Clostridia_258483;o__TANB77;f__CAG-508,D1_INU,50.6666666666667,62.0827404893394,6,25.3451726720845,0.10937111012575151,0.21817405864046016
d__Bacteria;p__Firmicutes_A;c__Clostridia_258483;o__Peptostreptococcales;f__Peptostreptococcaceae_256921,D2_INU,0.0,0.0,6,0.0,0.11187357847252,0.8678677602716702
d__Bacteria;p__Actinobacteriota;c__Coriobacteriia;o__Coriobacteriales;f__Atopobiaceae,D2_INU,12.6666666666667,16.2931478440069,6,6.65164975359079,0.11522733434480292,0.25502764488993845
d__Bacteria;p__Firmicutes_A;c__Clostridia_258483;o__Oscillospirales;f__Acutalibacteraceae,D2_INU,20.5,23.4243463089154,6,9.56294933584823,0.11665861577817882,0.4791113204151943
d__Bacteria;p__Firmicutes_D;c__Bacilli;o__Lactobacillales;f__Lactobacillaceae,D2_INU,48.5,61.1514513319185,6,24.9649754656399,0.11831567987992586,0.2449230246570972
d__Bacteria;p__Cyanobacteria;c__Vampirovibrionia;o__Gastranaerophilales;f__Gastranaerophilaceae,D2_INU,8.83333333333333,11.6518954109049,6,4.75686638216566,0.12244752567420814,0.28410785413230166
d__Bacteria;p__Verrucomicrobiota;c__Lentisphaeria;o__Victivallales;f__Victivallaceae,D1_INU,0.0,0.0,6,0.0,0.12867120503533602,0.20544591573209578
d__Bacteria;p__Firmicutes_A;c__Clostridia_258483;o__Lachnospirales;f__Anaerotignaceae,D3_INU,6.33333333333333,8.77876225140348,6,3.58391468152416,0.1374504142297095,0.26064671142818985
d__Bacteria;p__Verrucomicrobiota;c__Lentisphaeria;o__Victivallales;f__Victivallaceae,D2_INU,9.66666666666667,7.94145242803019,6,3.24208437754342,0.13928193368425168,0.2214669256097418
d__Bacteria;p__Firmicutes_A;c__Clostridia_258483;o__Oscillospirales;f__Oscillospiraceae_88309,D2_INU,539.666666666667,115.357993510058,6,47.0947036418227,0.1597107756910081,2.4050563868763573
d__Bacteria;p__Firmicutes_C;c__Negativicutes;o__Acidaminococcales;f__Acidaminococcaceae,D3_INU,77.1666666666667,108.680111642686,6,44.3684697855483,0.16109368622865383,0.5049793919330863
d__Bacteria;p__Bacteroidota;c__Bacteroidia;o__Bacteroidales;__,D4_INU,0.0,0.0,9,0.0,0.16902020301917098,0.7417572338212761
d__Bacteria;p__Firmicutes_A;c__Clostridia_258483;o__Clostridiales;f__Clostridiaceae_222000,D4_INU,25.0,49.6840014491587,9,16.5613338163862,0.16959958494146332,0.5638635551300599
d__Bacteria;p__Firmicutes_A;c__Clostridia_258483;o__Clostridiales;f__Clostridiaceae_222000,D2_INU,0.0,0.0,6,0.0,0.1726003251136996,0.5839517607370982
d__Bacteria;p__Bacteroidota;c__Bacteroidia;o__Bacteroidales;f__UBA932,D3_INU,12.1666666666667,14.9454563887045,6,6.10145702089081,0.17342666127555462,0.807222277937127
d__Bacteria;p__Firmicutes_A;c__Clostridia_258483;o__Oscillospirales;f__Ruminococcaceae,D3_INU,196.666666666667,151.738810680283,6,61.9471100572452,0.17466994168257255,1.7421625352235808
d__Bacteria;p__Bacteroidota;c__Bacteroidia;o__Bacteroidales;f__UBA932,D1_INU,4.5,6.97853852894716,6,2.84897642437888,0.17505355251290644,0.8350380641609451
d__Bacteria;p__Firmicutes_D;c__Bacilli;o__Lactobacillales;f__Enterococcaceae,D1_INU,0.0,0.0,6,0.0,0.1771773239156782,0.9384288604637301
d__Bacteria;p__Firmicutes_D;c__Bacilli;o__Staphylococcales;f__Staphylococcaceae,D4_INU,2.22222222222222,4.52155332208351,9,1.5071844406945,0.1785991518352732,0.24191207867634887
d__Bacteria;p__Firmicutes_D;c__Bacilli;o__Lactobacillales;f__Lactobacillaceae,D3_INU,0.0,0.0,6,0.0,0.190917282211287,0.39309510117498236
d__Bacteria;p__Firmicutes_A;c__Clostridia_258483;o__Lachnospirales;__,D1_INU,29.6666666666667,48.8125666879613,6,19.9276469035135,0.1967327836375714,0.5534460726507503
d__Bacteria;p__Firmicutes_D;c__Bacilli;o__Aneurinibacillales;f__RAOX-1,D1_INU,0.833333333333333,2.04124145231932,6,0.833333333333333,0.19894661099833266,0.8632259731453078
d__Bacteria;p__Firmicutes_A;c__Clostridia_258483;o__TANB77;f__CAG-508,D3_INU,15.3333333333333,24.3118626737374,6,9.9252763745455,0.20038460738473396,0.39561793951536167
d__Bacteria;__;__;__;__,D2_INU,14.5,12.5658266739598,6,5.1299772579093,0.20244963884704137,0.6003139870058988
d__Bacteria;p__Bacteroidota;c__Bacteroidia;__;__,D1_INU,2.0,3.3466401061363,6,1.36626010212795,0.20311066372005437,0.3088890885881223
d__Bacteria;p__Firmicutes_A;c__Clostridia_258483;o__Christensenellales;f__Borkfalkiaceae,D3_INU,9.5,11.7260393995586,6,4.78713553878169,0.20550797784119723,0.801168157269236
d__Bacteria;p__Proteobacteria;c__Gammaproteobacteria;o__Enterobacterales_A_737866;__,D4_INU,3.77777777777778,8.49673139768726,9,2.83224379922909,0.2189776147681799,0.27345497258855633
d__Bacteria;p__Firmicutes_A;__;__;__,D1_INU,6.83333333333333,10.8151128827519,6,4.41525134555718,0.2341428630813469,0.5094099684036103
d__Bacteria;p__Bacteroidota;c__Bacteroidia;o__Bacteroidales;f__Tannerellaceae,D3_INU,358.5,79.6686889562016,6,32.5246060698666,0.2407767295787906,14.224348332039321
d__Bacteria;p__Firmicutes_D;c__Bacilli;o__Erysipelotrichales;f__Erysipelotrichaceae,D1_INU,38.6666666666667,36.6915067374817,6,14.9792449001202,0.24907881245844754,1.692854229806086
d__Bacteria;__;__;__;__,D3_INU,53.0,56.5013274180351,6,23.0665703273518,0.25968050979614854,0.7641173621587819
d__Bacteria;p__Bacteroidota;c__Bacteroidia;o__Bacteroidales;f__Muribaculaceae,D4_INU,0.444444444444444,1.33333333333333,9,0.444444444444444,0.28901766392874984,1.5522067545264326
d__Bacteria;p__Actinobacteriota;c__Actinomycetia;o__Actinomycetales;f__Bifidobacteriaceae,D4_INU,0.111111111111111,0.333333333333333,9,0.111111111111111,0.28901766392875117,0.695816820994611
d__Bacteria;p__Bacteroidota;c__Bacteroidia;o__Bacteroidales;__,D2_INU,12.0,6.57267069006199,6,2.68328157299975,0.292057964927799,1.3116989302020448
d__Bacteria;__;__;__;__,D4_INU,50.4444444444444,30.195658260382,9,10.0652194201273,0.31204443394675097,0.9112172063540104
d__Bacteria;p__Firmicutes_C;c__Negativicutes;__;__,D2_INU,186.0,86.8999424625816,6,35.476752951757,0.3133020632843506,2.2487475196484232
d__Bacteria;p__Firmicutes_A;c__Clostridia_258483;o__Oscillospirales;f__Butyricicoccaceae,D1_INU,8.83333333333333,18.0046290344085,6,7.35035902373332,0.3188780259522035,0.6495976762103244
d__Bacteria;p__Bacteroidota;c__Bacteroidia;o__Bacteroidales;f__Tannerellaceae,D1_INU,701.166666666667,194.611835885351,6,79.4499493042283,0.33678228224754925,28.738754751790868
d__Bacteria;p__Firmicutes_A;c__Clostridia_258483;o__Christensenellales;f__Christensenellaceae,D2_INU,2.5,4.46094160463909,6,1.82117178395303,0.3429561422459706,0.4147879011730794
d__Bacteria;p__Firmicutes_A;c__Clostridia_258483;o__Peptostreptococcales;f__Anaerovoracaceae,D1_INU,1.16666666666667,1.83484785926972,6,0.749073501808141,0.3432775636428218,0.6203227503004404
d__Bacteria;p__Firmicutes_A;c__Clostridia_258483;o__Christensenellales;__,D4_INU,2.66666666666667,8.0,9,2.66666666666667,0.3465935070873334,5.663485392405788
d__Bacteria;p__Proteobacteria;c__Gammaproteobacteria;o__Burkholderiales_592524;f__Burkholderiaceae_A_574934,D4_INU,0.0,0.0,9,0.0,0.3465935070873334,0.37021392690274274
d__Bacteria;p__Bacteroidota;c__Bacteroidia;o__Chitinophagales;f__Chitinophagaceae_966727,D4_INU,0.111111111111111,0.333333333333333,9,0.111111111111111,0.3465935070873343,0.3544391657031594
d__Bacteria;p__Bacteroidota;c__Bacteroidia;o__Bacteroidales;f__UBA932,D4_INU,0.111111111111111,0.333333333333333,9,0.111111111111111,0.3465935070873343,1.5939150505573216
d__Bacteria;p__Patescibacteria;c__Saccharimonadia;o__Saccharimonadales;f__Nanoperiomorbaceae,D4_INU,0.333333333333333,1.0,9,0.333333333333333,0.3465935070873345,0.3621548482218679
d__Bacteria;p__Bacteroidota;c__Bacteroidia;o__Bacteroidales;f__Marinilabiliaceae,D4_INU,0.555555555555556,1.66666666666667,9,0.555555555555556,0.3465935070873347,0.5377450776627739
d__Bacteria;p__Firmicutes_A;c__Clostridia_258483;o__Christensenellales;f__CAG-552,D4_INU,2.22222222222222,6.66666666666667,9,2.22222222222222,0.34659350708733516,1.2859121422370696
d__Bacteria;p__Bacteroidota;c__Bacteroidia;o__Bacteroidales;f__Marinifilaceae,D4_INU,0.222222222222222,0.666666666666667,9,0.222222222222222,0.34659350708733516,2.801934878348141
d__Bacteria;p__Firmicutes_A;c__Clostridia_258483;o__Oscillospirales;f__Acutalibacteraceae,D1_INU,57.8333333333333,30.4723918763635,6,12.4403018898703,0.35573176293294795,1.476767534770292
d__Bacteria;p__Firmicutes_D;c__Bacilli;o__Haloplasmatales_A;f__Turicibacteraceae,D3_INU,20.3333333333333,23.0622346416532,6,9.41511786673138,0.35754853823857546,0.9634992188323718
d__Bacteria;p__Bacteroidota;c__Bacteroidia;o__Bacteroidales;f__Marinilabiliaceae,D2_INU,0.666666666666667,1.63299316185545,6,0.666666666666667,0.3632174676491218,0.5681283404369155
d__Bacteria;p__Firmicutes_A;c__Clostridia_258483;o__Lachnospirales;f__,D1_INU,0.166666666666667,0.408248290463863,6,0.166666666666667,0.3632174676491218,0.3784952715800889
d__Bacteria;p__Bacteroidota;c__Bacteroidia;o__Bacteroidales;f__Muribaculaceae,D1_INU,0.0,0.0,6,0.0,0.3632174676491218,2.0361387967483613
d__Bacteria;p__Actinobacteriota;c__Coriobacteriia;o__Coriobacteriales;__,D2_INU,1.66666666666667,4.08248290463863,6,1.66666666666667,0.3632174676491218,0.5026144417198658
d__Bacteria;p__Bacteroidota;c__Bacteroidia;o__Chitinophagales;f__Chitinophagaceae_966727,D1_INU,0.0,0.0,6,0.0,0.3632174676491218,0.37443089282486647
d__Bacteria;p__Firmicutes_A;c__Clostridia_258483;o__Lachnospirales;__,D2_INU,12.0,29.3938769133981,6,12.0,0.363217467649122,1.0143673278346388
d__Bacteria;p__Proteobacteria;c__Gammaproteobacteria;__;__,D2_INU,2.16666666666667,5.30722777603022,6,2.16666666666667,0.363217467649122,0.4688252355538247
d__Bacteria;p__Firmicutes_A;c__Clostridia_258483;o__Oscillospirales;__,D3_INU,0.0,0.0,6,0.0,0.3632174676491222,0.9267475586529098
d__Bacteria;p__Proteobacteria;c__Gammaproteobacteria;o__Enterobacterales_A_737866;f__Enterobacteriaceae_A,D1_INU,0.0,0.0,6,0.0,0.3632174676491231,1.3346938524140026
d__Bacteria;p__Cyanobacteria;c__Vampirovibrionia;o__Gastranaerophilales;__,D3_INU,2.5,6.12372435695795,6,2.5,0.3632174676491231,0.5233602535732206
d__Bacteria;p__Firmicutes_A;c__Clostridia_258483;o__Christensenellales;f__Christensenellaceae,D3_INU,0.0,0.0,6,0.0,0.3632174676491231,0.43791368156126614
d__Bacteria;p__Proteobacteria;__;__;__,D3_INU,3.83333333333333,9.38971068066885,6,3.83333333333333,0.3632174676491231,0.5156211001007884
d__Bacteria;p__Verrucomicrobiota;c__Verrucomicrobiae;__;__,D2_INU,1.0,2.44948974278318,6,1.0,0.3632174676491231,0.44489795080466754
d__Bacteria;p__Cyanobacteria;c__Vampirovibrionia;o__Gastranaerophilales;f__Gastranaerophilaceae,D1_INU,1.0,2.44948974278318,6,1.0,0.3632174676491231,0.8478754260016005
d__Bacteria;p__Proteobacteria;c__Gammaproteobacteria;__;__,D1_INU,2.0,4.89897948556636,6,2.0,0.3632174676491231,0.4704064336501291
d__Bacteria;p__Firmicutes_D;c__Bacilli;__;__,D1_INU,1.83333333333333,4.49073119510249,6,1.83333333333333,0.3632174676491231,0.9145934923099232
d__Bacteria;p__Verrucomicrobiota;c__Verrucomicrobiae;__;__,D1_INU,0.0,0.0,6,0.0,0.3632174676491231,0.4463216242472425
d__Bacteria;p__Actinobacteriota;c__Coriobacteriia;o__Coriobacteriales;f__Coriobacteriaceae,D3_INU,5.5,13.4721935853075,6,5.5,0.3632174676491231,0.8583108158600816
d__Bacteria;p__Firmicutes_A;c__Clostridia_258483;o__Christensenellales;f__CAG-552,D3_INU,0.0,0.0,6,0.0,0.3632174676491231,1.3607366592903734
d__Bacteria;p__Firmicutes_A;c__Clostridia_258483;o__Christensenellales;f__CAG-552,D2_INU,0.0,0.0,6,0.0,0.373900966300059,1.4145612912238685
d__Bacteria;p__Firmicutes_A;c__Clostridia_258483;o__TANB77;f__CAG-508,D2_INU,0.0,0.0,6,0.0,0.373900966300059,0.7420050183939155
d__Bacteria;p__Bacteroidota;c__Bacteroidia;o__Bacteroidales;f__UBA932,D2_INU,0.0,0.0,6,0.0,0.373900966300059,1.7616928964321796
d__Bacteria;p__Actinobacteriota;c__Coriobacteriia;o__Coriobacteriales;f__Coriobacteriaceae,D2_INU,1.33333333333333,3.2659863237109,6,1.33333333333333,0.37663461946577703,0.8955275162529931
d__Bacteria;p__Firmicutes_B_370539;c__Dehalobacteriia;o__Dehalobacteriales;f__Dehalobacteriaceae,D1_INU,77.3333333333333,86.059669222387,6,35.133712837925,0.3962499990258359,1.3060944173898796
d__Bacteria;p__Firmicutes_D;c__Bacilli;o__Lactobacillales;f__Enterococcaceae,D4_INU,86.1111111111111,17.0546507179453,9,5.68488357264842,0.4000367520212835,2.0346240102804356
d__Bacteria;p__Bacteroidota;c__Bacteroidia;o__Bacteroidales;f__Rikenellaceae,D4_INU,0.666666666666667,2.0,9,0.666666666666667,0.4129545619398509,5.034112755076277
d__Bacteria;p__Firmicutes_D;c__Bacilli;__;__,D4_INU,15.5555555555556,27.4003244100828,9,9.13344147002759,0.4171910015871374,1.0302337273920306
d__Bacteria;p__Bacteroidota;c__Bacteroidia;o__Bacteroidales;__,D3_INU,7.33333333333333,11.7756811551038,6,4.80740170061865,0.41977944808224565,1.863529572989391
Unassigned;__;__;__;__,D1_INU,6.5,11.4149025401008,6,4.66011444780777,0.42912995497836515,0.6325754422713713
d__Bacteria;p__Bacteroidota;c__Bacteroidia;o__Bacteroidales;f__Marinifilaceae,D2_INU,339.333333333333,62.9465381626874,6,25.6978165955355,0.43696582184409927,3.687799463475475
d__Bacteria;p__Bacteroidota;c__Bacteroidia;o__Bacteroidales;f__Marinifilaceae,D3_INU,236.666666666667,101.840398009173,6,41.5761683874041,0.44632380173360575,3.685770749800099
d__Bacteria;p__Firmicutes_D;c__Bacilli;o__Aneurinibacillales;f__RAOX-1,D3_INU,0.333333333333333,0.816496580927726,6,0.333333333333333,0.48193931784909894,2.0449137906525303
d__Bacteria;p__Proteobacteria;c__Gammaproteobacteria;o__Burkholderiales_595427;f__Burkholderiaceae_A_595427,D4_INU,301.888888888889,241.570613095035,9,80.523537698345,0.49192622439415157,5.321117469502935
d__Bacteria;p__Firmicutes_A;c__Clostridia_258483;o__Lachnospirales;f__Lachnospiraceae,D4_INU,1208.22222222222,132.459218042552,9,44.1530726808508,0.4936080053482037,12.228740261529692
d__Bacteria;p__Patescibacteria;c__Paceibacteria;o__Paceibacterales;f__Staskawiczbacteraceae,D3_INU,0.166666666666667,0.408248290463863,6,0.166666666666667,0.4942561723873915,0.6533369025705967
d__Bacteria;p__Firmicutes_A;c__Clostridia_258483;o__Lachnospirales;f__Anaerotignaceae,D4_INU,8.55555555555556,18.4601673280005,9,6.15338910933351,0.4991161021308943,0.9418210477555942
d__Bacteria;p__Bacteroidota;c__Bacteroidia;o__Bacteroidales;f__Barnesiellaceae,D3_INU,49.3333333333333,58.1228583834851,6,23.728557571931,0.5685600920435423,5.137107655169888
d__Bacteria;p__Firmicutes_D;c__Bacilli;o__RF39;f__UBA660,D2_INU,12.6666666666667,14.5281336264046,6,5.93108571661022,0.5775422100197405,1.2219074856615997
d__Bacteria;p__Bacteroidota;c__Bacteroidia;o__Bacteroidales;f__Barnesiellaceae,D2_INU,105.5,35.387851022632,6,14.4470296831794,0.5880896239990885,5.441600376280722
d__Bacteria;__;__;__;__,D1_INU,49.1666666666667,43.4346252046299,6,17.7321114867288,0.5959779264646945,1.780976838618231
d__Bacteria;p__Patescibacteria;c__Paceibacteria;o__Paceibacterales;f__Staskawiczbacteraceae,D4_INU,1.44444444444444,2.50554939639548,9,0.835183132131828,0.5992591687714599,0.7894185962546848
d__Bacteria;p__Desulfobacterota_I;c__Desulfovibrionia;o__Desulfovibrionales;f__Desulfovibrionaceae,D4_INU,0.888888888888889,1.76383420737639,9,0.587944735792131,0.6240191395816264,12.288376902530489
d__Bacteria;p__Proteobacteria;c__Alphaproteobacteria;o__RF32;f__CAG-239,D1_INU,71.0,28.9965515191031,6,11.8377925870212,0.6267183320078233,3.1458802547843683
d__Bacteria;p__Firmicutes_D;c__Bacilli;o__Erysipelotrichales;f__Coprobacillaceae,D2_INU,6.16666666666667,8.58875233469138,6,3.50634345785527,0.6276633086366106,3.9190684636822515
d__Bacteria;p__Firmicutes_A;c__Clostridia_258483;o__Oscillospirales;f__Butyricicoccaceae,D4_INU,13.3333333333333,26.8374738006393,9,8.9458246002131,0.6393540150905666,1.2820466934453136
d__Bacteria;p__Firmicutes_A;c__Clostridia_258483;o__Oscillospirales;f__Ruminococcaceae,D1_INU,220.333333333333,104.297011782058,6,42.5790767605144,0.6783883098094157,7.137016738816867
d__Bacteria;p__Firmicutes_A;c__Clostridia_258483;o__Peptostreptococcales;f__Peptostreptococcaceae_256921,D4_INU,27.1111111111111,55.2300743355566,9,18.4100247785189,0.7410720630223917,5.5256635378756975
d__Bacteria;p__Proteobacteria;c__Gammaproteobacteria;o__Burkholderiales_595427;f__Burkholderiaceae_A_595427,D1_INU,320.833333333333,64.2850423245304,6,26.2442586313866,0.742637147401243,8.774543526217764
d__Bacteria;p__Firmicutes_D;c__Bacilli;o__RF39;f__UBA660,D1_INU,26.1666666666667,52.4000636131929,6,21.3922363902837,0.7776650958562359,1.6544232510182526
d__Bacteria;p__Actinobacteriota;c__Coriobacteriia;o__Coriobacteriales;f__Eggerthellaceae,D3_INU,12.3333333333333,6.86051504383357,6,2.80079353834667,0.7979105757167084,1.7970537306464283
d__Bacteria;p__Actinobacteriota;c__Coriobacteriia;o__Coriobacteriales;f__Coriobacteriaceae,D1_INU,10.5,12.8023435354626,6,5.22653486228368,0.8105804018940543,1.9393325503259617
d__Bacteria;p__Firmicutes_A;c__Clostridia_258483;__;__,D3_INU,8.33333333333333,13.2916013582513,6,5.42627353203324,0.8260033620945881,4.769703624726644
Unassigned;__;__;__;__,D3_INU,1.83333333333333,2.85773803324704,6,1.16666666666667,0.8654553995181766,1.266037613009447
d__Bacteria;p__Firmicutes_D;c__Bacilli;o__Haloplasmatales_A;f__Turicibacteraceae,D2_INU,14.6666666666667,18.4137629686783,6,7.51738725296969,0.8681913371322272,2.3560810845143125
d__Bacteria;p__Bacteroidota;c__Bacteroidia;o__Bacteroidales;__,D1_INU,8.66666666666667,15.743781841307,6,6.42737202214958,0.899309628851432,4.086803520460945
d__Bacteria;p__Bacteroidota;c__Bacteroidia;o__Bacteroidales;f__Rikenellaceae,D1_INU,387.166666666667,108.709551864897,6,44.3804887059367,0.9265980095471202,12.484688970740146
d__Bacteria;p__Firmicutes_A;c__Clostridia_258483;o__Oscillospirales;__,D2_INU,8.16666666666667,12.6872639551113,6,5.17955382033798,0.9347351015467038,2.4009249431032393
d__Bacteria;p__Firmicutes_D;c__Bacilli;o__Haloplasmatales_A;f__Turicibacteraceae,D1_INU,13.3333333333333,13.094528119282,6,5.34581871912786,0.9512969478734667,2.5999859642947416
d__Bacteria;p__Firmicutes_A;c__Clostridia_258483;o__Oscillospirales;f__Oscillospiraceae_88309,D1_INU,695.833333333333,99.4573610481731,6,40.6032976219639,0.9559933784103669,14.983732951411465
d__Bacteria;p__Firmicutes_A;c__Clostridia_258483;o__Oscillospirales;f__Acutalibacteraceae,D4_INU,62.4444444444444,88.065474380019,9,29.355158126673,0.961286263057068,3.865276701716378
d__Bacteria;p__Firmicutes_A;c__Clostridia_258483;o__Clostridiales;f__Clostridiaceae_222000,D3_INU,10.1666666666667,15.7786775956246,6,6.44161815419421,0.9720648467329249,3.2600253375147874
d__Bacteria;p__Firmicutes_D;c__Bacilli;o__Erysipelotrichales;f__Erysipelotrichaceae,D3_INU,125.166666666667,82.6060933991353,6,33.7237964120952,1.0,6.564102564102564
d__Bacteria;p__Verrucomicrobiota;c__Verrucomicrobiae;o__Verrucomicrobiales;f__Akkermansiaceae,D1,2043.5,246.818759416702,6,100.76333658628,,
d__Bacteria;p__Verrucomicrobiota;c__Verrucomicrobiae;o__Verrucomicrobiales;f__Akkermansiaceae,D2,2154.0,159.929672043683,5,71.5227236617846,,
d__Bacteria;p__Verrucomicrobiota;c__Verrucomicrobiae;o__Verrucomicrobiales;f__Akkermansiaceae,D3,1733.66666666667,332.987487252399,6,135.941572416649,,
d__Bacteria;p__Verrucomicrobiota;c__Verrucomicrobiae;o__Verrucomicrobiales;f__Akkermansiaceae,D4,2906.88888888889,212.243047262121,9,70.7476824207071,,
d__Bacteria;p__Bacteroidota;c__Bacteroidia;o__Bacteroidales;f__Tannerellaceae,D1,806.333333333333,165.265443050466,6,67.4693345981055,,
d__Bacteria;p__Bacteroidota;c__Bacteroidia;o__Bacteroidales;f__Tannerellaceae,D2,520.8,87.2737073808601,5,39.0299884704057,,
d__Bacteria;p__Bacteroidota;c__Bacteroidia;o__Bacteroidales;f__Tannerellaceae,D3,314.666666666667,12.8166558300778,6,5.23237783209296,,
d__Bacteria;p__Bacteroidota;c__Bacteroidia;o__Bacteroidales;f__Tannerellaceae,D4,482.555555555556,356.886575507931,9,118.962191835977,,
d__Bacteria;p__Bacteroidota;c__Bacteroidia;o__Bacteroidales;f__Bacteroidaceae,D1,920.0,93.579912374398,6,38.2038392486061,,
d__Bacteria;p__Bacteroidota;c__Bacteroidia;o__Bacteroidales;f__Bacteroidaceae,D2,1036.6,125.754920380874,5,56.2393100953417,,
d__Bacteria;p__Bacteroidota;c__Bacteroidia;o__Bacteroidales;f__Bacteroidaceae,D3,1386.83333333333,99.1189521063791,6,40.4651427499988,,
d__Bacteria;p__Bacteroidota;c__Bacteroidia;o__Bacteroidales;f__Bacteroidaceae,D4,902.333333333333,151.212598681459,9,50.4041995604864,,
d__Bacteria;p__Firmicutes_A;c__Clostridia_258483;o__Lachnospirales;f__Lachnospiraceae,D1,576.166666666667,148.798409489707,6,60.7466962979149,,
d__Bacteria;p__Firmicutes_A;c__Clostridia_258483;o__Lachnospirales;f__Lachnospiraceae,D2,557.6,197.649437135551,5,88.3915154299325,,
d__Bacteria;p__Firmicutes_A;c__Clostridia_258483;o__Lachnospirales;f__Lachnospiraceae,D3,649.333333333333,114.885450195691,6,46.9017886415623,,
d__Bacteria;p__Firmicutes_A;c__Clostridia_258483;o__Lachnospirales;f__Lachnospiraceae,D4,1250.77777777778,125.136703026908,9,41.7122343423025,,
d__Bacteria;p__Desulfobacterota_I;c__Desulfovibrionia;o__Desulfovibrionales;f__Desulfovibrionaceae,D1,360.166666666667,93.0643146789717,6,37.9933473708812,,
d__Bacteria;p__Desulfobacterota_I;c__Desulfovibrionia;o__Desulfovibrionales;f__Desulfovibrionaceae,D2,320.2,50.3259376465059,5,22.5064435218006,,
d__Bacteria;p__Desulfobacterota_I;c__Desulfovibrionia;o__Desulfovibrionales;f__Desulfovibrionaceae,D3,373.666666666667,97.489828529271,6,39.80005583469,,
d__Bacteria;p__Desulfobacterota_I;c__Desulfovibrionia;o__Desulfovibrionales;f__Desulfovibrionaceae,D4,1.77777777777778,4.96935050529186,9,1.65645016843062,,
d__Bacteria;p__Firmicutes_A;c__Clostridia_258483;o__Christensenellales;__,D1,422.5,35.7645075458897,6,14.6007990648914,,
d__Bacteria;p__Firmicutes_A;c__Clostridia_258483;o__Christensenellales;__,D2,272.4,37.4939995199232,5,16.7678263349785,,
d__Bacteria;p__Firmicutes_A;c__Clostridia_258483;o__Christensenellales;__,D3,388.666666666667,73.3557541483057,6,29.9473612267332,,
d__Bacteria;p__Firmicutes_A;c__Clostridia_258483;o__Christensenellales;__,D4,0.0,0.0,9,0.0,,
d__Bacteria;p__Firmicutes_A;c__Clostridia_258483;o__Oscillospirales;f__Oscillospiraceae_88309,D1,693.0,71.206741253901,6,29.0700303864077,,
d__Bacteria;p__Firmicutes_A;c__Clostridia_258483;o__Oscillospirales;f__Oscillospiraceae_88309,D2,641.0,103.756927479566,5,46.4015085961653,,
d__Bacteria;p__Firmicutes_A;c__Clostridia_258483;o__Oscillospirales;f__Oscillospiraceae_88309,D3,641.166666666667,143.869964435481,6,58.734667029882,,
d__Bacteria;p__Firmicutes_A;c__Clostridia_258483;o__Oscillospirales;f__Oscillospiraceae_88309,D4,926.222222222222,212.819628898381,9,70.9398762994602,,
d__Bacteria;p__Bacteroidota;c__Bacteroidia;o__Bacteroidales;f__Rikenellaceae,D1,382.0,77.6350436336581,6,31.6943738435283,,
d__Bacteria;p__Bacteroidota;c__Bacteroidia;o__Bacteroidales;f__Rikenellaceae,D2,492.4,45.0311003640817,5,20.1385203031404,,
d__Bacteria;p__Bacteroidota;c__Bacteroidia;o__Bacteroidales;f__Rikenellaceae,D3,432.166666666667,52.901480760624,6,21.5969390835317,,
d__Bacteria;p__Bacteroidota;c__Bacteroidia;o__Bacteroidales;f__Rikenellaceae,D4,1.55555555555556,2.45515331044271,9,0.818384436814235,,
d__Bacteria;p__Proteobacteria;c__Gammaproteobacteria;o__Burkholderiales_595427;f__Burkholderiaceae_A_595427,D1,304.5,99.117606912193,6,40.4645935767719,,
d__Bacteria;p__Proteobacteria;c__Gammaproteobacteria;o__Burkholderiales_595427;f__Burkholderiaceae_A_595427,D2,371.6,86.6591022339835,5,38.7551286928582,,
d__Bacteria;p__Proteobacteria;c__Gammaproteobacteria;o__Burkholderiales_595427;f__Burkholderiaceae_A_595427,D3,509.166666666667,115.064184986757,6,46.9747568144613,,
d__Bacteria;p__Proteobacteria;c__Gammaproteobacteria;o__Burkholderiales_595427;f__Burkholderiaceae_A_595427,D4,231.111111111111,180.243199902551,9,60.0810666341838,,
d__Bacteria;p__Firmicutes_A;c__Clostridia_258483;o__Oscillospirales;f__Ruminococcaceae,D1,242.333333333333,70.2927212922267,6,28.6968832996044,,
d__Bacteria;p__Firmicutes_A;c__Clostridia_258483;o__Oscillospirales;f__Ruminococcaceae,D2,333.8,72.5203419738214,5,32.4320828809992,,
d__Bacteria;p__Firmicutes_A;c__Clostridia_258483;o__Oscillospirales;f__Ruminococcaceae,D3,296.833333333333,48.827929166274,6,19.9339186090219,,
d__Bacteria;p__Firmicutes_A;c__Clostridia_258483;o__Oscillospirales;f__Ruminococcaceae,D4,396.777777777778,106.900394968608,9,35.6334649895361,,
d__Bacteria;p__Bacteroidota;c__Bacteroidia;o__Bacteroidales;f__Barnesiellaceae,D1,144.666666666667,33.0736551754817,6,13.5022631847817,,
d__Bacteria;p__Bacteroidota;c__Bacteroidia;o__Bacteroidales;f__Barnesiellaceae,D2,97.0,7.77817459305202,5,3.47850542618522,,
d__Bacteria;p__Bacteroidota;c__Bacteroidia;o__Bacteroidales;f__Barnesiellaceae,D3,65.3333333333333,31.091263510296,6,12.6929551764398,,
d__Bacteria;p__Bacteroidota;c__Bacteroidia;o__Bacteroidales;f__Barnesiellaceae,D4,0.0,0.0,9,0.0,,
d__Bacteria;p__Bacteroidota;c__Bacteroidia;o__Bacteroidales;f__Barnesiellaceae,D4_INU,0.0,0.0,9,0.0,,
d__Bacteria;p__Bacteroidota;c__Bacteroidia;o__Bacteroidales;f__Marinifilaceae,D1,318.833333333333,63.4961941116684,6,25.9222126970502,,
d__Bacteria;p__Bacteroidota;c__Bacteroidia;o__Bacteroidales;f__Marinifilaceae,D2,380.6,96.0744502976728,5,42.9658003533043,,
d__Bacteria;p__Bacteroidota;c__Bacteroidia;o__Bacteroidales;f__Marinifilaceae,D3,201.333333333333,30.1971301064632,6,12.3279267428785,,
d__Bacteria;p__Bacteroidota;c__Bacteroidia;o__Bacteroidales;f__Marinifilaceae,D4,0.0,0.0,9,0.0,,
d__Bacteria;p__Firmicutes_A;c__Clostridia_258483;o__Peptostreptococcales;f__Peptostreptococcaceae_256921,D1,0.0,0.0,6,0.0,,
d__Bacteria;p__Firmicutes_A;c__Clostridia_258483;o__Peptostreptococcales;f__Peptostreptococcaceae_256921,D1_INU,0.0,0.0,6,0.0,,
d__Bacteria;p__Firmicutes_A;c__Clostridia_258483;o__Peptostreptococcales;f__Peptostreptococcaceae_256921,D2,56.6,62.2639542592663,5,27.8452868543314,,
d__Bacteria;p__Firmicutes_A;c__Clostridia_258483;o__Peptostreptococcales;f__Peptostreptococcaceae_256921,D3,0.0,0.0,6,0.0,,
d__Bacteria;p__Firmicutes_A;c__Clostridia_258483;o__Peptostreptococcales;f__Peptostreptococcaceae_256921,D3_INU,0.0,0.0,6,0.0,,
d__Bacteria;p__Firmicutes_A;c__Clostridia_258483;o__Peptostreptococcales;f__Peptostreptococcaceae_256921,D4,36.1111111111111,58.2954638982409,9,19.4318212994136,,
d__Bacteria;p__Firmicutes_C;c__Negativicutes;__;__,D1,0.0,0.0,6,0.0,,
d__Bacteria;p__Firmicutes_C;c__Negativicutes;__;__,D1_INU,0.0,0.0,6,0.0,,
d__Bacteria;p__Firmicutes_C;c__Negativicutes;__;__,D2,142.6,41.0706708004629,5,18.3673623582702,,
d__Bacteria;p__Firmicutes_C;c__Negativicutes;__;__,D3,0.0,0.0,6,0.0,,
d__Bacteria;p__Firmicutes_C;c__Negativicutes;__;__,D3_INU,0.0,0.0,6,0.0,,
d__Bacteria;p__Firmicutes_C;c__Negativicutes;__;__,D4,0.0,0.0,9,0.0,,
d__Bacteria;p__Firmicutes_C;c__Negativicutes;__;__,D4_INU,0.0,0.0,9,0.0,,
d__Bacteria;p__Firmicutes_D;c__Bacilli;o__Erysipelotrichales;f__Erysipelotrichaceae,D1,18.6666666666667,11.2901136693422,6,4.60916960465163,,
d__Bacteria;p__Firmicutes_D;c__Bacilli;o__Erysipelotrichales;f__Erysipelotrichaceae,D2,61.2,46.7193749958195,5,20.8935396713912,,
d__Bacteria;p__Firmicutes_D;c__Bacilli;o__Erysipelotrichales;f__Erysipelotrichaceae,D3,125.166666666667,53.8420529573926,6,21.9809260749203,,
d__Bacteria;p__Firmicutes_D;c__Bacilli;o__Erysipelotrichales;f__Erysipelotrichaceae,D4,17.6666666666667,23.8065117142348,9,7.93550390474494,,
d__Bacteria;p__Firmicutes_D;c__Bacilli;o__Erysipelotrichales;f__Coprobacillaceae,D1,15.6666666666667,14.0095205723346,6,5.71936282387392,,
d__Bacteria;p__Firmicutes_D;c__Bacilli;o__Erysipelotrichales;f__Coprobacillaceae,D2,9.4,11.9079805172834,5,5.32541078227774,,
d__Bacteria;p__Firmicutes_D;c__Bacilli;o__Erysipelotrichales;f__Coprobacillaceae,D3,64.1666666666667,32.8719738784678,6,13.4199271400572,,
d__Bacteria;p__Firmicutes_D;c__Bacilli;o__Erysipelotrichales;f__Coprobacillaceae,D4,125.666666666667,42.3998820753077,9,14.1332940251026,,
d__Bacteria;p__Firmicutes_A;c__Clostridia_258483;__;__,D1,16.6666666666667,20.8582517643897,6,8.51534562487696,,
d__Bacteria;p__Firmicutes_A;c__Clostridia_258483;__;__,D2,0.0,0.0,5,0.0,,
d__Bacteria;p__Firmicutes_A;c__Clostridia_258483;__;__,D2_INU,0.0,0.0,6,0.0,,
d__Bacteria;p__Firmicutes_A;c__Clostridia_258483;__;__,D3,11.1666666666667,27.3526354610788,6,11.1666666666667,,
d__Bacteria;p__Firmicutes_A;c__Clostridia_258483;__;__,D4,23.4444444444444,36.5619717435723,9,12.1873239145241,,
d__Bacteria;p__Bacteroidota;c__Bacteroidia;o__Bacteroidales;f__Muribaculaceae,D1,0.166666666666667,0.408248290463863,6,0.166666666666667,,
d__Bacteria;p__Bacteroidota;c__Bacteroidia;o__Bacteroidales;f__Muribaculaceae,D2,0.0,0.0,5,0.0,,
d__Bacteria;p__Bacteroidota;c__Bacteroidia;o__Bacteroidales;f__Muribaculaceae,D2_INU,0.0,0.0,6,0.0,,
d__Bacteria;p__Bacteroidota;c__Bacteroidia;o__Bacteroidales;f__Muribaculaceae,D3,0.0,0.0,6,0.0,,
d__Bacteria;p__Bacteroidota;c__Bacteroidia;o__Bacteroidales;f__Muribaculaceae,D3_INU,0.0,0.0,6,0.0,,
d__Bacteria;p__Bacteroidota;c__Bacteroidia;o__Bacteroidales;f__Muribaculaceae,D4,3.55555555555556,8.11035004039763,9,2.70345001346588,,
d__Bacteria;p__Firmicutes_D;c__Bacilli;o__Lactobacillales;f__Enterococcaceae,D1,5.16666666666667,8.0601902376226,6,3.29055888532294,,
d__Bacteria;p__Firmicutes_D;c__Bacilli;o__Lactobacillales;f__Enterococcaceae,D2,0.0,0.0,5,0.0,,
d__Bacteria;p__Firmicutes_D;c__Bacilli;o__Lactobacillales;f__Enterococcaceae,D2_INU,0.0,0.0,6,0.0,,
d__Bacteria;p__Firmicutes_D;c__Bacilli;o__Lactobacillales;f__Enterococcaceae,D3,0.0,0.0,6,0.0,,
d__Bacteria;p__Firmicutes_D;c__Bacilli;o__Lactobacillales;f__Enterococcaceae,D3_INU,0.0,0.0,6,0.0,,
d__Bacteria;p__Firmicutes_D;c__Bacilli;o__Lactobacillales;f__Enterococcaceae,D4,78.2222222222222,21.3470008301973,9,7.1156669433991,,
d__Bacteria;p__Proteobacteria;c__Alphaproteobacteria;o__RF32;f__CAG-239,D1,64.5,11.8110118110177,6,4.82182538049648,,
d__Bacteria;p__Proteobacteria;c__Alphaproteobacteria;o__RF32;f__CAG-239,D2,81.8,73.1279700251552,5,32.7038224065628,,
d__Bacteria;p__Proteobacteria;c__Alphaproteobacteria;o__RF32;f__CAG-239,D3,91.8333333333333,64.2850423245304,6,26.2442586313866,,
d__Bacteria;p__Proteobacteria;c__Alphaproteobacteria;o__RF32;f__CAG-239,D4,0.0,0.0,9,0.0,,
d__Bacteria;p__Proteobacteria;c__Alphaproteobacteria;o__RF32;f__CAG-239,D4_INU,0.0,0.0,9,0.0,,
d__Bacteria;p__Bacteroidota;c__Bacteroidia;o__Bacteroidales;f__UBA932,D1,0.0,0.0,6,0.0,,
d__Bacteria;p__Bacteroidota;c__Bacteroidia;o__Bacteroidales;f__UBA932,D2,1.0,2.23606797749979,5,1.0,,
d__Bacteria;p__Bacteroidota;c__Bacteroidia;o__Bacteroidales;f__UBA932,D3,2.16666666666667,5.30722777603022,6,2.16666666666667,,
d__Bacteria;p__Bacteroidota;c__Bacteroidia;o__Bacteroidales;f__UBA932,D4,0.0,0.0,9,0.0,,
d__Bacteria;p__Bacteroidota;c__Bacteroidia;o__Bacteroidales;__,D1,9.83333333333333,15.3937216639339,6,6.28446055317753,,
d__Bacteria;p__Bacteroidota;c__Bacteroidia;o__Bacteroidales;__,D2,6.4,9.20869154657707,5,4.1182520563948,,
d__Bacteria;p__Bacteroidota;c__Bacteroidia;o__Bacteroidales;__,D3,14.3333333333333,16.5126214353344,6,6.74124947205223,,
d__Bacteria;p__Bacteroidota;c__Bacteroidia;o__Bacteroidales;__,D4,0.666666666666667,1.3228756555323,9,0.440958551844098,,
d__Bacteria;p__Firmicutes_D;c__Bacilli;o__Aneurinibacillales;f__RAOX-1,D1,7.0,10.0,6,4.08248290463863,,
d__Bacteria;p__Firmicutes_D;c__Bacilli;o__Aneurinibacillales;f__RAOX-1,D2,13.4,7.30068489937759,5,3.2649655434629,,
d__Bacteria;p__Firmicutes_D;c__Bacilli;o__Aneurinibacillales;f__RAOX-1,D3,1.5,3.67423461417477,6,1.5,,
d__Bacteria;p__Firmicutes_D;c__Bacilli;o__Aneurinibacillales;f__RAOX-1,D4,41.2222222222222,44.6703978541097,9,14.8901326180366,,
d__Bacteria;p__Firmicutes_A;c__Clostridia_258483;o__Oscillospirales;f__Acutalibacteraceae,D1,84.1666666666667,58.3315237814569,6,23.8137448639319,,
d__Bacteria;p__Firmicutes_A;c__Clostridia_258483;o__Oscillospirales;f__Acutalibacteraceae,D2,2.2,3.03315017762062,5,1.35646599662505,,
d__Bacteria;p__Firmicutes_A;c__Clostridia_258483;o__Oscillospirales;f__Acutalibacteraceae,D3,13.6666666666667,6.15358973824764,6,2.51219249085557,,
d__Bacteria;p__Firmicutes_A;c__Clostridia_258483;o__Oscillospirales;f__Acutalibacteraceae,D4,64.1111111111111,49.5415089708732,9,16.5138363236244,,
d__Bacteria;p__Firmicutes_A;c__Clostridia_258483;o__Christensenellales;f__Borkfalkiaceae,D1,55.3333333333333,13.396516960265,6,5.46910514719832,,
d__Bacteria;p__Firmicutes_A;c__Clostridia_258483;o__Christensenellales;f__Borkfalkiaceae,D2,83.8,42.0440245457068,5,18.802659386374,,
d__Bacteria;p__Firmicutes_A;c__Clostridia_258483;o__Christensenellales;f__Borkfalkiaceae,D3,2.16666666666667,5.30722777603022,6,2.16666666666667,,
d__Bacteria;p__Firmicutes_A;c__Clostridia_258483;o__Christensenellales;f__Borkfalkiaceae,D4,0.222222222222222,0.666666666666667,9,0.222222222222222,,
d__Bacteria;p__Firmicutes_A;c__Clostridia_258483;o__Christensenellales;f__CAG-552,D1,0.0,0.0,6,0.0,,
d__Bacteria;p__Firmicutes_A;c__Clostridia_258483;o__Christensenellales;f__CAG-552,D1_INU,0.0,0.0,6,0.0,,
d__Bacteria;p__Firmicutes_A;c__Clostridia_258483;o__Christensenellales;f__CAG-552,D2,3.6,8.04984471899924,5,3.6,,
d__Bacteria;p__Firmicutes_A;c__Clostridia_258483;o__Christensenellales;f__CAG-552,D3,2.5,6.12372435695795,6,2.5,,
d__Bacteria;p__Firmicutes_A;c__Clostridia_258483;o__Christensenellales;f__CAG-552,D4,0.0,0.0,9,0.0,,
d__Bacteria;p__Proteobacteria;c__Gammaproteobacteria;o__Enterobacterales_A_737866;f__Enterobacteriaceae_A,D1,1.33333333333333,3.2659863237109,6,1.33333333333333,,
d__Bacteria;p__Proteobacteria;c__Gammaproteobacteria;o__Enterobacterales_A_737866;f__Enterobacteriaceae_A,D2,0.0,0.0,5,0.0,,
d__Bacteria;p__Proteobacteria;c__Gammaproteobacteria;o__Enterobacterales_A_737866;f__Enterobacteriaceae_A,D2_INU,0.0,0.0,6,0.0,,
d__Bacteria;p__Proteobacteria;c__Gammaproteobacteria;o__Enterobacterales_A_737866;f__Enterobacteriaceae_A,D3,0.0,0.0,6,0.0,,
d__Bacteria;p__Proteobacteria;c__Gammaproteobacteria;o__Enterobacterales_A_737866;f__Enterobacteriaceae_A,D3_INU,0.0,0.0,6,0.0,,
d__Bacteria;p__Proteobacteria;c__Gammaproteobacteria;o__Enterobacterales_A_737866;f__Enterobacteriaceae_A,D4,53.8888888888889,66.1276123197497,9,22.0425374399166,,
d__Bacteria;p__Firmicutes_A;c__Clostridia_258483;o__Christensenellales;f__CAG-314,D1,0.0,0.0,6,0.0,,
d__Bacteria;p__Firmicutes_A;c__Clostridia_258483;o__Christensenellales;f__CAG-314,D2,0.0,0.0,5,0.0,,
d__Bacteria;p__Firmicutes_A;c__Clostridia_258483;o__Christensenellales;f__CAG-314,D2_INU,0.0,0.0,6,0.0,,
d__Bacteria;p__Firmicutes_A;c__Clostridia_258483;o__Christensenellales;f__CAG-314,D3,0.0,0.0,6,0.0,,
d__Bacteria;p__Firmicutes_A;c__Clostridia_258483;o__Christensenellales;f__CAG-314,D3_INU,0.0,0.0,6,0.0,,
d__Bacteria;p__Firmicutes_A;c__Clostridia_258483;o__Christensenellales;f__CAG-314,D4,0.0,0.0,9,0.0,,
d__Bacteria;p__Firmicutes_A;c__Clostridia_258483;o__Christensenellales;f__CAG-314,D4_INU,0.0,0.0,9,0.0,,
d__Bacteria;p__Firmicutes_A;c__Clostridia_258483;o__Clostridiales;f__Clostridiaceae_222000,D1,77.8333333333333,43.6688294629781,6,17.8277249748188,,
d__Bacteria;p__Firmicutes_A;c__Clostridia_258483;o__Clostridiales;f__Clostridiaceae_222000,D2,11.4,15.3720525630119,5,6.87459089691889,,
d__Bacteria;p__Firmicutes_A;c__Clostridia_258483;o__Clostridiales;f__Clostridiaceae_222000,D3,9.83333333333333,16.3757951460888,6,6.68539037337719,,
d__Bacteria;p__Firmicutes_A;c__Clostridia_258483;o__Clostridiales;f__Clostridiaceae_222000,D4,0.0,0.0,9,0.0,,
d__Bacteria;p__Firmicutes_B_370539;c__Dehalobacteriia;o__Dehalobacteriales;f__Dehalobacteriaceae,D1,41.3333333333333,47.6724938163158,6,19.46221410266,,
d__Bacteria;p__Firmicutes_B_370539;c__Dehalobacteriia;o__Dehalobacteriales;f__Dehalobacteriaceae,D2,0.0,0.0,5,0.0,,
d__Bacteria;p__Firmicutes_B_370539;c__Dehalobacteriia;o__Dehalobacteriales;f__Dehalobacteriaceae,D2_INU,0.0,0.0,6,0.0,,
d__Bacteria;p__Firmicutes_B_370539;c__Dehalobacteriia;o__Dehalobacteriales;f__Dehalobacteriaceae,D3,0.0,0.0,6,0.0,,
d__Bacteria;p__Firmicutes_B_370539;c__Dehalobacteriia;o__Dehalobacteriales;f__Dehalobacteriaceae,D3_INU,0.0,0.0,6,0.0,,
d__Bacteria;p__Firmicutes_B_370539;c__Dehalobacteriia;o__Dehalobacteriales;f__Dehalobacteriaceae,D4,56.0,46.084162138418,9,15.3613873794727,,
d__Bacteria;p__Firmicutes_C;c__Negativicutes;o__Acidaminococcales;f__Acidaminococcaceae,D1,24.0,28.712366673613,6,11.7217746096741,,
d__Bacteria;p__Firmicutes_C;c__Negativicutes;o__Acidaminococcales;f__Acidaminococcaceae,D2,0.0,0.0,5,0.0,,
d__Bacteria;p__Firmicutes_C;c__Negativicutes;o__Acidaminococcales;f__Acidaminococcaceae,D2_INU,0.0,0.0,6,0.0,,
d__Bacteria;p__Firmicutes_C;c__Negativicutes;o__Acidaminococcales;f__Acidaminococcaceae,D3,154.833333333333,58.0048848517663,6,23.6803950792868,,
d__Bacteria;p__Firmicutes_C;c__Negativicutes;o__Acidaminococcales;f__Acidaminococcaceae,D4,0.0,0.0,9,0.0,,
d__Bacteria;p__Firmicutes_C;c__Negativicutes;o__Acidaminococcales;f__Acidaminococcaceae,D4_INU,0.0,0.0,9,0.0,,
d__Bacteria;p__Bacteroidota;c__Bacteroidia;o__Bacteroidales;f__UBA11471,D1,0.0,0.0,6,0.0,,
d__Bacteria;p__Bacteroidota;c__Bacteroidia;o__Bacteroidales;f__UBA11471,D1_INU,0.0,0.0,6,0.0,,
d__Bacteria;p__Bacteroidota;c__Bacteroidia;o__Bacteroidales;f__UBA11471,D2,12.2,7.36206492772238,5,3.29241552663087,,
d__Bacteria;p__Bacteroidota;c__Bacteroidia;o__Bacteroidales;f__UBA11471,D3,79.3333333333333,30.4346293992003,6,12.4248854231247,,
d__Bacteria;p__Bacteroidota;c__Bacteroidia;o__Bacteroidales;f__UBA11471,D4,0.0,0.0,9,0.0,,
d__Bacteria;p__Bacteroidota;c__Bacteroidia;o__Bacteroidales;f__UBA11471,D4_INU,0.0,0.0,9,0.0,,
d__Bacteria;__;__;__;__,D1,38.6666666666667,15.0155474980657,6,6.13007159646425,,
d__Bacteria;__;__;__;__,D2,6.4,5.85662018573853,5,2.61916017074176,,
d__Bacteria;__;__;__;__,D3,21.3333333333333,29.9310318343131,6,12.2192925781778,,
d__Bacteria;__;__;__;__,D4,31.5555555555556,44.8054436176876,9,14.9351478725625,,
d__Bacteria;p__Patescibacteria;c__Saccharimonadia;o__Saccharimonadales;f__Nanosyncoccaceae,D1,0.0,0.0,6,0.0,,
d__Bacteria;p__Patescibacteria;c__Saccharimonadia;o__Saccharimonadales;f__Nanosyncoccaceae,D1_INU,0.0,0.0,6,0.0,,
d__Bacteria;p__Patescibacteria;c__Saccharimonadia;o__Saccharimonadales;f__Nanosyncoccaceae,D2,0.0,0.0,5,0.0,,
d__Bacteria;p__Patescibacteria;c__Saccharimonadia;o__Saccharimonadales;f__Nanosyncoccaceae,D2_INU,0.0,0.0,6,0.0,,
d__Bacteria;p__Patescibacteria;c__Saccharimonadia;o__Saccharimonadales;f__Nanosyncoccaceae,D3,0.0,0.0,6,0.0,,
d__Bacteria;p__Patescibacteria;c__Saccharimonadia;o__Saccharimonadales;f__Nanosyncoccaceae,D3_INU,0.0,0.0,6,0.0,,
d__Bacteria;p__Patescibacteria;c__Saccharimonadia;o__Saccharimonadales;f__Nanosyncoccaceae,D4,0.0,0.0,9,0.0,,
d__Bacteria;p__Patescibacteria;c__Saccharimonadia;o__Saccharimonadales;f__Nanosyncoccaceae,D4_INU,0.0,0.0,9,0.0,,
d__Bacteria;p__Firmicutes_A;c__Clostridia_258483;o__Lachnospirales;__,D1,0.0,0.0,6,0.0,,
d__Bacteria;p__Firmicutes_A;c__Clostridia_258483;o__Lachnospirales;__,D2,0.0,0.0,5,0.0,,
d__Bacteria;p__Firmicutes_A;c__Clostridia_258483;o__Lachnospirales;__,D3,0.0,0.0,6,0.0,,
d__Bacteria;p__Firmicutes_A;c__Clostridia_258483;o__Lachnospirales;__,D3_INU,0.0,0.0,6,0.0,,
d__Bacteria;p__Firmicutes_A;c__Clostridia_258483;o__Lachnospirales;__,D4,0.0,0.0,9,0.0,,
d__Bacteria;p__Firmicutes_A;c__Clostridia_258483;o__Lachnospirales;__,D4_INU,0.0,0.0,9,0.0,,
d__Bacteria;p__Firmicutes_D;c__Bacilli;o__Haloplasmatales_A;f__Turicibacteraceae,D1,13.8333333333333,14.5246916203638,6,5.92968052352832,,
d__Bacteria;p__Firmicutes_D;c__Bacilli;o__Haloplasmatales_A;f__Turicibacteraceae,D2,13.2,9.14877040918614,5,4.09145450909576,,
d__Bacteria;p__Firmicutes_D;c__Bacilli;o__Haloplasmatales_A;f__Turicibacteraceae,D3,31.3333333333333,15.5005376250847,6,6.32806798671162,,
d__Bacteria;p__Firmicutes_D;c__Bacilli;o__Haloplasmatales_A;f__Turicibacteraceae,D4,0.0,0.0,9,0.0,,
d__Bacteria;p__Firmicutes_D;c__Bacilli;o__Haloplasmatales_A;f__Turicibacteraceae,D4_INU,0.0,0.0,9,0.0,,
d__Bacteria;p__Bacteroidota;c__Bacteroidia;o__Bacteroidales;f__Coprobacteraceae,D1,0.0,0.0,6,0.0,,
d__Bacteria;p__Bacteroidota;c__Bacteroidia;o__Bacteroidales;f__Coprobacteraceae,D1_INU,0.0,0.0,6,0.0,,
d__Bacteria;p__Bacteroidota;c__Bacteroidia;o__Bacteroidales;f__Coprobacteraceae,D2,20.0,13.6565002837477,5,6.10737259384099,,
d__Bacteria;p__Bacteroidota;c__Bacteroidia;o__Bacteroidales;f__Coprobacteraceae,D3,75.6666666666667,19.1171824981263,6,7.80455707334575,,
d__Bacteria;p__Bacteroidota;c__Bacteroidia;o__Bacteroidales;f__Coprobacteraceae,D4,0.0,0.0,9,0.0,,
d__Bacteria;p__Bacteroidota;c__Bacteroidia;o__Bacteroidales;f__Coprobacteraceae,D4_INU,0.0,0.0,9,0.0,,
d__Bacteria;p__Firmicutes_A;c__Clostridia_258483;o__Oscillospirales;__,D1,1.83333333333333,2.2286019533929,6,0.909822937597079,,
d__Bacteria;p__Firmicutes_A;c__Clostridia_258483;o__Oscillospirales;__,D2,7.4,16.5469030334984,5,7.4,,
d__Bacteria;p__Firmicutes_A;c__Clostridia_258483;o__Oscillospirales;__,D3,2.66666666666667,6.53197264742181,6,2.66666666666667,,
d__Bacteria;p__Firmicutes_A;c__Clostridia_258483;o__Oscillospirales;__,D4,34.2222222222222,45.6611918859379,9,15.2203972953126,,
d__Bacteria;p__Firmicutes_D;c__Bacilli;__;__,D1,0.0,0.0,6,0.0,,
d__Bacteria;p__Firmicutes_D;c__Bacilli;__;__,D2,0.0,0.0,5,0.0,,
d__Bacteria;p__Firmicutes_D;c__Bacilli;__;__,D2_INU,0.0,0.0,6,0.0,,
d__Bacteria;p__Firmicutes_D;c__Bacilli;__;__,D3,0.0,0.0,6,0.0,,
d__Bacteria;p__Firmicutes_D;c__Bacilli;__;__,D3_INU,0.0,0.0,6,0.0,,
d__Bacteria;p__Firmicutes_D;c__Bacilli;__;__,D4,31.0,48.0260346062425,9,16.0086782020808,,
d__Bacteria;p__Actinobacteriota;c__Actinomycetia;o__Actinomycetales;f__Bifidobacteriaceae,D1,0.0,0.0,6,0.0,,
d__Bacteria;p__Actinobacteriota;c__Actinomycetia;o__Actinomycetales;f__Bifidobacteriaceae,D1_INU,0.0,0.0,6,0.0,,
d__Bacteria;p__Actinobacteriota;c__Actinomycetia;o__Actinomycetales;f__Bifidobacteriaceae,D2,0.0,0.0,5,0.0,,
d__Bacteria;p__Actinobacteriota;c__Actinomycetia;o__Actinomycetales;f__Bifidobacteriaceae,D3,0.0,0.0,6,0.0,,
d__Bacteria;p__Actinobacteriota;c__Actinomycetia;o__Actinomycetales;f__Bifidobacteriaceae,D3_INU,0.0,0.0,6,0.0,,
d__Bacteria;p__Actinobacteriota;c__Actinomycetia;o__Actinomycetales;f__Bifidobacteriaceae,D4,0.888888888888889,2.02758751009941,9,0.675862503366469,,
d__Bacteria;p__Actinobacteriota;c__Coriobacteriia;o__Coriobacteriales;f__Coriobacteriaceae,D1,8.66666666666667,13.0025638497439,6,5.30827446330517,,
d__Bacteria;p__Actinobacteriota;c__Coriobacteriia;o__Coriobacteriales;f__Coriobacteriaceae,D2,4.2,6.01664358259653,5,2.69072480941474,,
d__Bacteria;p__Actinobacteriota;c__Coriobacteriia;o__Coriobacteriales;f__Coriobacteriaceae,D3,0.0,0.0,6,0.0,,
d__Bacteria;p__Actinobacteriota;c__Coriobacteriia;o__Coriobacteriales;f__Coriobacteriaceae,D4,0.0,0.0,9,0.0,,
d__Bacteria;p__Actinobacteriota;c__Coriobacteriia;o__Coriobacteriales;f__Coriobacteriaceae,D4_INU,0.0,0.0,9,0.0,,
d__Bacteria;p__Cyanobacteria;c__Vampirovibrionia;o__Gastranaerophilales;f__Gastranaerophilaceae,D1,0.0,0.0,6,0.0,,
d__Bacteria;p__Cyanobacteria;c__Vampirovibrionia;o__Gastranaerophilales;f__Gastranaerophilaceae,D2,0.0,0.0,5,0.0,,
d__Bacteria;p__Cyanobacteria;c__Vampirovibrionia;o__Gastranaerophilales;f__Gastranaerophilaceae,D3,0.0,0.0,6,0.0,,
d__Bacteria;p__Cyanobacteria;c__Vampirovibrionia;o__Gastranaerophilales;f__Gastranaerophilaceae,D4,0.0,0.0,9,0.0,,
d__Bacteria;p__Cyanobacteria;c__Vampirovibrionia;o__Gastranaerophilales;f__Gastranaerophilaceae,D4_INU,0.0,0.0,9,0.0,,
d__Bacteria;p__Actinobacteriota;c__Coriobacteriia;o__Coriobacteriales;f__Eggerthellaceae,D1,9.5,7.28697468089467,6,2.9748949561287,,
d__Bacteria;p__Actinobacteriota;c__Coriobacteriia;o__Coriobacteriales;f__Eggerthellaceae,D2,2.6,5.81377674149945,5,2.6,,
d__Bacteria;p__Actinobacteriota;c__Coriobacteriia;o__Coriobacteriales;f__Eggerthellaceae,D3,13.6666666666667,10.3085724844261,6,4.20845709388977,,
d__Bacteria;p__Actinobacteriota;c__Coriobacteriia;o__Coriobacteriales;f__Eggerthellaceae,D4,21.1111111111111,4.4001262608147,9,1.4667087536049,,
d__Bacteria;p__Actinobacteriota;c__Coriobacteriia;o__Coriobacteriales;f__Atopobiaceae,D1,0.0,0.0,6,0.0,,
d__Bacteria;p__Actinobacteriota;c__Coriobacteriia;o__Coriobacteriales;f__Atopobiaceae,D1_INU,0.0,0.0,6,0.0,,
d__Bacteria;p__Actinobacteriota;c__Coriobacteriia;o__Coriobacteriales;f__Atopobiaceae,D2,0.0,0.0,5,0.0,,
d__Bacteria;p__Actinobacteriota;c__Coriobacteriia;o__Coriobacteriales;f__Atopobiaceae,D3,0.0,0.0,6,0.0,,
d__Bacteria;p__Actinobacteriota;c__Coriobacteriia;o__Coriobacteriales;f__Atopobiaceae,D3_INU,0.0,0.0,6,0.0,,
d__Bacteria;p__Actinobacteriota;c__Coriobacteriia;o__Coriobacteriales;f__Atopobiaceae,D4,0.0,0.0,9,0.0,,
d__Bacteria;p__Actinobacteriota;c__Coriobacteriia;o__Coriobacteriales;f__Atopobiaceae,D4_INU,0.0,0.0,9,0.0,,
d__Bacteria;p__Firmicutes_A;__;__;__,D1,15.8333333333333,13.644290625264,6,5.57025832235613,,
d__Bacteria;p__Firmicutes_A;__;__;__,D2,0.0,0.0,5,0.0,,
d__Bacteria;p__Firmicutes_A;__;__;__,D2_INU,0.0,0.0,6,0.0,,
d__Bacteria;p__Firmicutes_A;__;__;__,D3,0.0,0.0,6,0.0,,
d__Bacteria;p__Firmicutes_A;__;__;__,D3_INU,0.0,0.0,6,0.0,,
d__Bacteria;p__Firmicutes_A;__;__;__,D4,18.3333333333333,29.0430714629152,9,9.68102382097174,,
d__Bacteria;p__Firmicutes_D;c__Bacilli;o__RF39;f__UBA660,D1,19.0,29.4414673547362,6,12.0194287163187,,
d__Bacteria;p__Firmicutes_D;c__Bacilli;o__RF39;f__UBA660,D2,21.2,29.5753275552444,5,13.2264885740698,,
d__Bacteria;p__Firmicutes_D;c__Bacilli;o__RF39;f__UBA660,D3,0.0,0.0,6,0.0,,
d__Bacteria;p__Firmicutes_D;c__Bacilli;o__RF39;f__UBA660,D3_INU,0.0,0.0,6,0.0,,
d__Bacteria;p__Firmicutes_D;c__Bacilli;o__RF39;f__UBA660,D4,0.0,0.0,9,0.0,,
d__Bacteria;p__Firmicutes_D;c__Bacilli;o__RF39;f__UBA660,D4_INU,0.0,0.0,9,0.0,,
d__Bacteria;p__Firmicutes_D;c__Bacilli;o__Lactobacillales;f__Lactobacillaceae,D1,0.0,0.0,6,0.0,,
d__Bacteria;p__Firmicutes_D;c__Bacilli;o__Lactobacillales;f__Lactobacillaceae,D1_INU,0.0,0.0,6,0.0,,
d__Bacteria;p__Firmicutes_D;c__Bacilli;o__Lactobacillales;f__Lactobacillaceae,D2,1.4,3.13049516849971,5,1.4,,
d__Bacteria;p__Firmicutes_D;c__Bacilli;o__Lactobacillales;f__Lactobacillaceae,D3,5.66666666666667,9.1796877216312,6,3.74759181934805,,
d__Bacteria;p__Firmicutes_D;c__Bacilli;o__Lactobacillales;f__Lactobacillaceae,D4,0.0,0.0,9,0.0,,
d__Bacteria;p__Firmicutes_D;c__Bacilli;o__Lactobacillales;f__Lactobacillaceae,D4_INU,0.0,0.0,9,0.0,,
d__Bacteria;p__Firmicutes_A;c__Clostridia_258483;o__Oscillospirales;f__Butyricicoccaceae,D1,0.666666666666667,1.63299316185545,6,0.666666666666667,,
d__Bacteria;p__Firmicutes_A;c__Clostridia_258483;o__Oscillospirales;f__Butyricicoccaceae,D2,0.0,0.0,5,0.0,,
d__Bacteria;p__Firmicutes_A;c__Clostridia_258483;o__Oscillospirales;f__Butyricicoccaceae,D2_INU,0.0,0.0,6,0.0,,
d__Bacteria;p__Firmicutes_A;c__Clostridia_258483;o__Oscillospirales;f__Butyricicoccaceae,D3,8.5,7.14842640026461,6,2.91833285741477,,
d__Bacteria;p__Firmicutes_A;c__Clostridia_258483;o__Oscillospirales;f__Butyricicoccaceae,D4,8.77777777777778,8.92717449389472,9,2.97572483129824,,
d__Bacteria;p__Firmicutes_A;c__Clostridia_258483;o__TANB77;f__CAG-508,D1,1.33333333333333,2.42212028327799,6,0.988826464946088,,
d__Bacteria;p__Firmicutes_A;c__Clostridia_258483;o__TANB77;f__CAG-508,D2,2.0,4.47213595499958,5,2.0,,
d__Bacteria;p__Firmicutes_A;c__Clostridia_258483;o__TANB77;f__CAG-508,D3,0.666666666666667,1.63299316185545,6,0.666666666666667,,
d__Bacteria;p__Firmicutes_A;c__Clostridia_258483;o__TANB77;f__CAG-508,D4,0.0,0.0,9,0.0,,
d__Bacteria;p__Firmicutes_A;c__Clostridia_258483;o__TANB77;f__CAG-508,D4_INU,0.0,0.0,9,0.0,,
d__Bacteria;p__Proteobacteria;c__Gammaproteobacteria;o__Enterobacterales_A_737866;f__Pasteurellaceae,D1,0.0,0.0,6,0.0,,
d__Bacteria;p__Proteobacteria;c__Gammaproteobacteria;o__Enterobacterales_A_737866;f__Pasteurellaceae,D1_INU,0.0,0.0,6,0.0,,
d__Bacteria;p__Proteobacteria;c__Gammaproteobacteria;o__Enterobacterales_A_737866;f__Pasteurellaceae,D2,0.0,0.0,5,0.0,,
d__Bacteria;p__Proteobacteria;c__Gammaproteobacteria;o__Enterobacterales_A_737866;f__Pasteurellaceae,D2_INU,0.0,0.0,6,0.0,,
d__Bacteria;p__Proteobacteria;c__Gammaproteobacteria;o__Enterobacterales_A_737866;f__Pasteurellaceae,D3,0.0,0.0,6,0.0,,
d__Bacteria;p__Proteobacteria;c__Gammaproteobacteria;o__Enterobacterales_A_737866;f__Pasteurellaceae,D3_INU,0.0,0.0,6,0.0,,
d__Bacteria;p__Proteobacteria;c__Gammaproteobacteria;o__Enterobacterales_A_737866;f__Pasteurellaceae,D4,0.0,0.0,9,0.0,,
d__Bacteria;p__Proteobacteria;c__Gammaproteobacteria;o__Enterobacterales_A_737866;f__Pasteurellaceae,D4_INU,0.0,0.0,9,0.0,,
d__Bacteria;p__Firmicutes_A;c__Clostridia_258483;o__Lachnospirales;f__Anaerotignaceae,D1,0.0,0.0,6,0.0,,
d__Bacteria;p__Firmicutes_A;c__Clostridia_258483;o__Lachnospirales;f__Anaerotignaceae,D1_INU,0.0,0.0,6,0.0,,
d__Bacteria;p__Firmicutes_A;c__Clostridia_258483;o__Lachnospirales;f__Anaerotignaceae,D2,0.0,0.0,5,0.0,,
d__Bacteria;p__Firmicutes_A;c__Clostridia_258483;o__Lachnospirales;f__Anaerotignaceae,D2_INU,0.0,0.0,6,0.0,,
d__Bacteria;p__Firmicutes_A;c__Clostridia_258483;o__Lachnospirales;f__Anaerotignaceae,D3,0.0,0.0,6,0.0,,
d__Bacteria;p__Firmicutes_A;c__Clostridia_258483;o__Lachnospirales;f__Anaerotignaceae,D4,4.0,6.2449979983984,9,2.08166599946613,,
d__Bacteria;p__Firmicutes_B_370539;c__Peptococcia;o__Peptococcales;f__Peptococcaceae_369362,D1,0.0,0.0,6,0.0,,
d__Bacteria;p__Firmicutes_B_370539;c__Peptococcia;o__Peptococcales;f__Peptococcaceae_369362,D1_INU,0.0,0.0,6,0.0,,
d__Bacteria;p__Firmicutes_B_370539;c__Peptococcia;o__Peptococcales;f__Peptococcaceae_369362,D2,0.0,0.0,5,0.0,,
d__Bacteria;p__Firmicutes_B_370539;c__Peptococcia;o__Peptococcales;f__Peptococcaceae_369362,D2_INU,0.0,0.0,6,0.0,,
d__Bacteria;p__Firmicutes_B_370539;c__Peptococcia;o__Peptococcales;f__Peptococcaceae_369362,D3,0.0,0.0,6,0.0,,
d__Bacteria;p__Firmicutes_B_370539;c__Peptococcia;o__Peptococcales;f__Peptococcaceae_369362,D3_INU,0.0,0.0,6,0.0,,
d__Bacteria;p__Firmicutes_B_370539;c__Peptococcia;o__Peptococcales;f__Peptococcaceae_369362,D4,0.0,0.0,9,0.0,,
d__Bacteria;p__Firmicutes_B_370539;c__Peptococcia;o__Peptococcales;f__Peptococcaceae_369362,D4_INU,0.0,0.0,9,0.0,,
d__Bacteria;p__Firmicutes_C;c__Negativicutes;o__Veillonellales;f__Veillonellaceae,D1,0.0,0.0,6,0.0,,
d__Bacteria;p__Firmicutes_C;c__Negativicutes;o__Veillonellales;f__Veillonellaceae,D1_INU,0.0,0.0,6,0.0,,
d__Bacteria;p__Firmicutes_C;c__Negativicutes;o__Veillonellales;f__Veillonellaceae,D2,0.0,0.0,5,0.0,,
d__Bacteria;p__Firmicutes_C;c__Negativicutes;o__Veillonellales;f__Veillonellaceae,D2_INU,0.0,0.0,6,0.0,,
d__Bacteria;p__Firmicutes_C;c__Negativicutes;o__Veillonellales;f__Veillonellaceae,D3,0.0,0.0,6,0.0,,
d__Bacteria;p__Firmicutes_C;c__Negativicutes;o__Veillonellales;f__Veillonellaceae,D3_INU,0.0,0.0,6,0.0,,
d__Bacteria;p__Firmicutes_C;c__Negativicutes;o__Veillonellales;f__Veillonellaceae,D4,0.0,0.0,9,0.0,,
d__Bacteria;p__Firmicutes_C;c__Negativicutes;o__Veillonellales;f__Veillonellaceae,D4_INU,0.0,0.0,9,0.0,,
d__Bacteria;p__Firmicutes_A;c__Clostridia_258483;o__Peptostreptococcales;f__Anaerovoracaceae,D1,0.333333333333333,0.816496580927726,6,0.333333333333333,,
d__Bacteria;p__Firmicutes_A;c__Clostridia_258483;o__Peptostreptococcales;f__Anaerovoracaceae,D2,0.0,0.0,5,0.0,,
d__Bacteria;p__Firmicutes_A;c__Clostridia_258483;o__Peptostreptococcales;f__Anaerovoracaceae,D2_INU,0.0,0.0,6,0.0,,
d__Bacteria;p__Firmicutes_A;c__Clostridia_258483;o__Peptostreptococcales;f__Anaerovoracaceae,D3,0.0,0.0,6,0.0,,
d__Bacteria;p__Firmicutes_A;c__Clostridia_258483;o__Peptostreptococcales;f__Anaerovoracaceae,D3_INU,0.0,0.0,6,0.0,,
d__Bacteria;p__Firmicutes_A;c__Clostridia_258483;o__Peptostreptococcales;f__Anaerovoracaceae,D4,0.0,0.0,9,0.0,,
d__Bacteria;p__Firmicutes_A;c__Clostridia_258483;o__Christensenellales;f__CAG-74,D1,0.0,0.0,6,0.0,,
d__Bacteria;p__Firmicutes_A;c__Clostridia_258483;o__Christensenellales;f__CAG-74,D1_INU,0.0,0.0,6,0.0,,
d__Bacteria;p__Firmicutes_A;c__Clostridia_258483;o__Christensenellales;f__CAG-74,D2,0.0,0.0,5,0.0,,
d__Bacteria;p__Firmicutes_A;c__Clostridia_258483;o__Christensenellales;f__CAG-74,D2_INU,0.0,0.0,6,0.0,,
d__Bacteria;p__Firmicutes_A;c__Clostridia_258483;o__Christensenellales;f__CAG-74,D3,22.6666666666667,10.4051269414009,6,4.2478752858864,,
d__Bacteria;p__Firmicutes_A;c__Clostridia_258483;o__Christensenellales;f__CAG-74,D4,0.0,0.0,9,0.0,,
d__Bacteria;p__Firmicutes_A;c__Clostridia_258483;o__Christensenellales;f__CAG-74,D4_INU,0.0,0.0,9,0.0,,
d__Bacteria;p__Firmicutes_C;c__Negativicutes;o__Selenomonadales;f__Selenomonadaceae_42771,D1,0.0,0.0,6,0.0,,
d__Bacteria;p__Firmicutes_C;c__Negativicutes;o__Selenomonadales;f__Selenomonadaceae_42771,D1_INU,0.0,0.0,6,0.0,,
d__Bacteria;p__Firmicutes_C;c__Negativicutes;o__Selenomonadales;f__Selenomonadaceae_42771,D2,0.0,0.0,5,0.0,,
d__Bacteria;p__Firmicutes_C;c__Negativicutes;o__Selenomonadales;f__Selenomonadaceae_42771,D2_INU,0.0,0.0,6,0.0,,
d__Bacteria;p__Firmicutes_C;c__Negativicutes;o__Selenomonadales;f__Selenomonadaceae_42771,D3,0.0,0.0,6,0.0,,
d__Bacteria;p__Firmicutes_C;c__Negativicutes;o__Selenomonadales;f__Selenomonadaceae_42771,D3_INU,0.0,0.0,6,0.0,,
d__Bacteria;p__Firmicutes_C;c__Negativicutes;o__Selenomonadales;f__Selenomonadaceae_42771,D4,0.0,0.0,9,0.0,,
d__Bacteria;p__Firmicutes_C;c__Negativicutes;o__Selenomonadales;f__Selenomonadaceae_42771,D4_INU,0.0,0.0,9,0.0,,
d__Bacteria;p__Verrucomicrobiota;c__Lentisphaeria;o__Victivallales;f__UBA1829,D1,0.0,0.0,6,0.0,,
d__Bacteria;p__Verrucomicrobiota;c__Lentisphaeria;o__Victivallales;f__UBA1829,D1_INU,0.0,0.0,6,0.0,,
d__Bacteria;p__Verrucomicrobiota;c__Lentisphaeria;o__Victivallales;f__UBA1829,D2,0.0,0.0,5,0.0,,
d__Bacteria;p__Verrucomicrobiota;c__Lentisphaeria;o__Victivallales;f__UBA1829,D2_INU,0.0,0.0,6,0.0,,
d__Bacteria;p__Verrucomicrobiota;c__Lentisphaeria;o__Victivallales;f__UBA1829,D3,0.0,0.0,6,0.0,,
d__Bacteria;p__Verrucomicrobiota;c__Lentisphaeria;o__Victivallales;f__UBA1829,D3_INU,0.0,0.0,6,0.0,,
d__Bacteria;p__Verrucomicrobiota;c__Lentisphaeria;o__Victivallales;f__UBA1829,D4,0.0,0.0,9,0.0,,
d__Bacteria;p__Verrucomicrobiota;c__Lentisphaeria;o__Victivallales;f__UBA1829,D4_INU,0.0,0.0,9,0.0,,
d__Bacteria;p__Proteobacteria;c__Alphaproteobacteria;o__RF32;f__CAG-977,D1,0.0,0.0,6,0.0,,
d__Bacteria;p__Proteobacteria;c__Alphaproteobacteria;o__RF32;f__CAG-977,D1_INU,0.0,0.0,6,0.0,,
d__Bacteria;p__Proteobacteria;c__Alphaproteobacteria;o__RF32;f__CAG-977,D2,0.0,0.0,5,0.0,,
d__Bacteria;p__Proteobacteria;c__Alphaproteobacteria;o__RF32;f__CAG-977,D2_INU,0.0,0.0,6,0.0,,
d__Bacteria;p__Proteobacteria;c__Alphaproteobacteria;o__RF32;f__CAG-977,D3,0.0,0.0,6,0.0,,
d__Bacteria;p__Proteobacteria;c__Alphaproteobacteria;o__RF32;f__CAG-977,D3_INU,0.0,0.0,6,0.0,,
d__Bacteria;p__Proteobacteria;c__Alphaproteobacteria;o__RF32;f__CAG-977,D4,0.0,0.0,9,0.0,,
d__Bacteria;p__Proteobacteria;c__Alphaproteobacteria;o__RF32;f__CAG-977,D4_INU,0.0,0.0,9,0.0,,
d__Bacteria;p__Firmicutes_C;c__Negativicutes;o__Selenomonadales;f__Massilibacillaceae,D1,0.0,0.0,6,0.0,,
d__Bacteria;p__Firmicutes_C;c__Negativicutes;o__Selenomonadales;f__Massilibacillaceae,D1_INU,0.0,0.0,6,0.0,,
d__Bacteria;p__Firmicutes_C;c__Negativicutes;o__Selenomonadales;f__Massilibacillaceae,D2,0.0,0.0,5,0.0,,
d__Bacteria;p__Firmicutes_C;c__Negativicutes;o__Selenomonadales;f__Massilibacillaceae,D2_INU,0.0,0.0,6,0.0,,
d__Bacteria;p__Firmicutes_C;c__Negativicutes;o__Selenomonadales;f__Massilibacillaceae,D3,0.0,0.0,6,0.0,,
d__Bacteria;p__Firmicutes_C;c__Negativicutes;o__Selenomonadales;f__Massilibacillaceae,D3_INU,0.0,0.0,6,0.0,,
d__Bacteria;p__Firmicutes_C;c__Negativicutes;o__Selenomonadales;f__Massilibacillaceae,D4,0.0,0.0,9,0.0,,
d__Bacteria;p__Firmicutes_C;c__Negativicutes;o__Selenomonadales;f__Massilibacillaceae,D4_INU,0.0,0.0,9,0.0,,
d__Bacteria;p__Firmicutes_D;c__Bacilli;o__Lactobacillales;f__Streptococcaceae,D1,0.0,0.0,6,0.0,,
d__Bacteria;p__Firmicutes_D;c__Bacilli;o__Lactobacillales;f__Streptococcaceae,D1_INU,0.0,0.0,6,0.0,,
d__Bacteria;p__Firmicutes_D;c__Bacilli;o__Lactobacillales;f__Streptococcaceae,D2,0.0,0.0,5,0.0,,
d__Bacteria;p__Firmicutes_D;c__Bacilli;o__Lactobacillales;f__Streptococcaceae,D2_INU,0.0,0.0,6,0.0,,
d__Bacteria;p__Firmicutes_D;c__Bacilli;o__Lactobacillales;f__Streptococcaceae,D3,0.0,0.0,6,0.0,,
d__Bacteria;p__Firmicutes_D;c__Bacilli;o__Lactobacillales;f__Streptococcaceae,D3_INU,0.0,0.0,6,0.0,,
d__Bacteria;p__Firmicutes_D;c__Bacilli;o__Lactobacillales;f__Streptococcaceae,D4,0.0,0.0,9,0.0,,
d__Bacteria;p__Firmicutes_D;c__Bacilli;o__Lactobacillales;f__Streptococcaceae,D4_INU,0.0,0.0,9,0.0,,
d__Bacteria;p__Verrucomicrobiota;c__Lentisphaeria;o__Victivallales;f__Victivallaceae,D1,2.83333333333333,3.81663027639129,6,1.55813278566937,,
d__Bacteria;p__Verrucomicrobiota;c__Lentisphaeria;o__Victivallales;f__Victivallaceae,D2,3.4,4.50555213042752,5,2.01494416796099,,
d__Bacteria;p__Verrucomicrobiota;c__Lentisphaeria;o__Victivallales;f__Victivallaceae,D3,0.0,0.0,6,0.0,,
d__Bacteria;p__Verrucomicrobiota;c__Lentisphaeria;o__Victivallales;f__Victivallaceae,D4,0.0,0.0,9,0.0,,
d__Bacteria;p__Verrucomicrobiota;c__Lentisphaeria;o__Victivallales;f__Victivallaceae,D4_INU,0.0,0.0,9,0.0,,
d__Bacteria;p__Bacteroidota;c__Bacteroidia;o__Bacteroidales;f__Marinilabiliaceae,D1,0.0,0.0,6,0.0,,
d__Bacteria;p__Bacteroidota;c__Bacteroidia;o__Bacteroidales;f__Marinilabiliaceae,D1_INU,0.0,0.0,6,0.0,,
d__Bacteria;p__Bacteroidota;c__Bacteroidia;o__Bacteroidales;f__Marinilabiliaceae,D2,0.0,0.0,5,0.0,,
d__Bacteria;p__Bacteroidota;c__Bacteroidia;o__Bacteroidales;f__Marinilabiliaceae,D3,0.0,0.0,6,0.0,,
d__Bacteria;p__Bacteroidota;c__Bacteroidia;o__Bacteroidales;f__Marinilabiliaceae,D3_INU,0.0,0.0,6,0.0,,
d__Bacteria;p__Bacteroidota;c__Bacteroidia;o__Bacteroidales;f__Marinilabiliaceae,D4,0.0,0.0,9,0.0,,
d__Bacteria;p__Desulfobacterota_I;c__Desulfovibrionia;o__Desulfovibrionales;__,D1,0.0,0.0,6,0.0,,
d__Bacteria;p__Desulfobacterota_I;c__Desulfovibrionia;o__Desulfovibrionales;__,D1_INU,0.0,0.0,6,0.0,,
d__Bacteria;p__Desulfobacterota_I;c__Desulfovibrionia;o__Desulfovibrionales;__,D2,0.0,0.0,5,0.0,,
d__Bacteria;p__Desulfobacterota_I;c__Desulfovibrionia;o__Desulfovibrionales;__,D2_INU,0.0,0.0,6,0.0,,
d__Bacteria;p__Desulfobacterota_I;c__Desulfovibrionia;o__Desulfovibrionales;__,D3,0.0,0.0,6,0.0,,
d__Bacteria;p__Desulfobacterota_I;c__Desulfovibrionia;o__Desulfovibrionales;__,D3_INU,0.0,0.0,6,0.0,,
d__Bacteria;p__Desulfobacterota_I;c__Desulfovibrionia;o__Desulfovibrionales;__,D4,0.0,0.0,9,0.0,,
d__Bacteria;p__Desulfobacterota_I;c__Desulfovibrionia;o__Desulfovibrionales;__,D4_INU,0.0,0.0,9,0.0,,
d__Bacteria;p__Bacteroidota;c__Bacteroidia;__;__,D1,0.0,0.0,6,0.0,,
d__Bacteria;p__Bacteroidota;c__Bacteroidia;__;__,D2,0.0,0.0,5,0.0,,
d__Bacteria;p__Bacteroidota;c__Bacteroidia;__;__,D2_INU,0.0,0.0,6,0.0,,
d__Bacteria;p__Bacteroidota;c__Bacteroidia;__;__,D3,0.0,0.0,6,0.0,,
d__Bacteria;p__Bacteroidota;c__Bacteroidia;__;__,D3_INU,0.0,0.0,6,0.0,,
d__Bacteria;p__Bacteroidota;c__Bacteroidia;__;__,D4,0.0,0.0,9,0.0,,
d__Bacteria;p__Bacteroidota;c__Bacteroidia;__;__,D4_INU,0.0,0.0,9,0.0,,
d__Bacteria;p__Firmicutes_A;c__Clostridia_258483;o__Christensenellales;f__CAG-138,D1,0.0,0.0,6,0.0,,
d__Bacteria;p__Firmicutes_A;c__Clostridia_258483;o__Christensenellales;f__CAG-138,D1_INU,0.0,0.0,6,0.0,,
d__Bacteria;p__Firmicutes_A;c__Clostridia_258483;o__Christensenellales;f__CAG-138,D2,0.0,0.0,5,0.0,,
d__Bacteria;p__Firmicutes_A;c__Clostridia_258483;o__Christensenellales;f__CAG-138,D2_INU,0.0,0.0,6,0.0,,
d__Bacteria;p__Firmicutes_A;c__Clostridia_258483;o__Christensenellales;f__CAG-138,D3,0.0,0.0,6,0.0,,
d__Bacteria;p__Firmicutes_A;c__Clostridia_258483;o__Christensenellales;f__CAG-138,D3_INU,0.0,0.0,6,0.0,,
d__Bacteria;p__Firmicutes_A;c__Clostridia_258483;o__Christensenellales;f__CAG-138,D4,0.0,0.0,9,0.0,,
d__Bacteria;p__Firmicutes_A;c__Clostridia_258483;o__Christensenellales;f__CAG-138,D4_INU,0.0,0.0,9,0.0,,
Unassigned;__;__;__;__,D1,2.33333333333333,3.82970843102535,6,1.56347191994114,,
Unassigned;__;__;__;__,D2,1.2,2.68328157299975,5,1.2,,
Unassigned;__;__;__;__,D3,2.16666666666667,3.71034589582517,6,1.51474236900024,,
Unassigned;__;__;__;__,D4,0.0,0.0,9,0.0,,
d__Bacteria;p__Cyanobacteria;c__Vampirovibrionia;o__Gastranaerophilales;__,D1,0.0,0.0,6,0.0,,
d__Bacteria;p__Cyanobacteria;c__Vampirovibrionia;o__Gastranaerophilales;__,D1_INU,0.0,0.0,6,0.0,,
d__Bacteria;p__Cyanobacteria;c__Vampirovibrionia;o__Gastranaerophilales;__,D2,0.0,0.0,5,0.0,,
d__Bacteria;p__Cyanobacteria;c__Vampirovibrionia;o__Gastranaerophilales;__,D2_INU,0.0,0.0,6,0.0,,
d__Bacteria;p__Cyanobacteria;c__Vampirovibrionia;o__Gastranaerophilales;__,D3,0.0,0.0,6,0.0,,
d__Bacteria;p__Cyanobacteria;c__Vampirovibrionia;o__Gastranaerophilales;__,D4,0.0,0.0,9,0.0,,
d__Bacteria;p__Cyanobacteria;c__Vampirovibrionia;o__Gastranaerophilales;__,D4_INU,0.0,0.0,9,0.0,,
d__Bacteria;p__Proteobacteria;__;__;__,D1,0.0,0.0,6,0.0,,
d__Bacteria;p__Proteobacteria;__;__;__,D1_INU,0.0,0.0,6,0.0,,
d__Bacteria;p__Proteobacteria;__;__;__,D2,0.0,0.0,5,0.0,,
d__Bacteria;p__Proteobacteria;__;__;__,D2_INU,0.0,0.0,6,0.0,,
d__Bacteria;p__Proteobacteria;__;__;__,D3,0.0,0.0,6,0.0,,
d__Bacteria;p__Proteobacteria;__;__;__,D4,0.0,0.0,9,0.0,,
d__Bacteria;p__Proteobacteria;__;__;__,D4_INU,0.0,0.0,9,0.0,,
d__Bacteria;p__Verrucomicrobiota;c__Verrucomicrobiae;o__Verrucomicrobiales;__,D1,0.0,0.0,6,0.0,,
d__Bacteria;p__Verrucomicrobiota;c__Verrucomicrobiae;o__Verrucomicrobiales;__,D1_INU,0.0,0.0,6,0.0,,
d__Bacteria;p__Verrucomicrobiota;c__Verrucomicrobiae;o__Verrucomicrobiales;__,D2,0.0,0.0,5,0.0,,
d__Bacteria;p__Verrucomicrobiota;c__Verrucomicrobiae;o__Verrucomicrobiales;__,D2_INU,0.0,0.0,6,0.0,,
d__Bacteria;p__Verrucomicrobiota;c__Verrucomicrobiae;o__Verrucomicrobiales;__,D3,0.0,0.0,6,0.0,,
d__Bacteria;p__Verrucomicrobiota;c__Verrucomicrobiae;o__Verrucomicrobiales;__,D3_INU,0.0,0.0,6,0.0,,
d__Bacteria;p__Verrucomicrobiota;c__Verrucomicrobiae;o__Verrucomicrobiales;__,D4,0.0,0.0,9,0.0,,
d__Bacteria;p__Verrucomicrobiota;c__Verrucomicrobiae;o__Verrucomicrobiales;__,D4_INU,0.0,0.0,9,0.0,,
d__Bacteria;p__Actinobacteriota;c__Coriobacteriia;o__Coriobacteriales;__,D1,0.0,0.0,6,0.0,,
d__Bacteria;p__Actinobacteriota;c__Coriobacteriia;o__Coriobacteriales;__,D1_INU,0.0,0.0,6,0.0,,
d__Bacteria;p__Actinobacteriota;c__Coriobacteriia;o__Coriobacteriales;__,D2,0.0,0.0,5,0.0,,
d__Bacteria;p__Actinobacteriota;c__Coriobacteriia;o__Coriobacteriales;__,D3,0.0,0.0,6,0.0,,
d__Bacteria;p__Actinobacteriota;c__Coriobacteriia;o__Coriobacteriales;__,D3_INU,0.0,0.0,6,0.0,,
d__Bacteria;p__Actinobacteriota;c__Coriobacteriia;o__Coriobacteriales;__,D4,0.0,0.0,9,0.0,,
d__Bacteria;p__Actinobacteriota;c__Coriobacteriia;o__Coriobacteriales;__,D4_INU,0.0,0.0,9,0.0,,
d__Bacteria;p__Firmicutes_D;c__Bacilli;o__Staphylococcales;f__Staphylococcaceae,D1,0.0,0.0,6,0.0,,
d__Bacteria;p__Firmicutes_D;c__Bacilli;o__Staphylococcales;f__Staphylococcaceae,D1_INU,0.0,0.0,6,0.0,,
d__Bacteria;p__Firmicutes_D;c__Bacilli;o__Staphylococcales;f__Staphylococcaceae,D2,0.0,0.0,5,0.0,,
d__Bacteria;p__Firmicutes_D;c__Bacilli;o__Staphylococcales;f__Staphylococcaceae,D2_INU,0.0,0.0,6,0.0,,
d__Bacteria;p__Firmicutes_D;c__Bacilli;o__Staphylococcales;f__Staphylococcaceae,D3,0.0,0.0,6,0.0,,
d__Bacteria;p__Firmicutes_D;c__Bacilli;o__Staphylococcales;f__Staphylococcaceae,D3_INU,0.0,0.0,6,0.0,,
d__Bacteria;p__Firmicutes_D;c__Bacilli;o__Staphylococcales;f__Staphylococcaceae,D4,0.0,0.0,9,0.0,,
d__Bacteria;p__Firmicutes_A;c__Clostridia_258483;o__UBA1381;f__UBA1381,D1,0.0,0.0,6,0.0,,
d__Bacteria;p__Firmicutes_A;c__Clostridia_258483;o__UBA1381;f__UBA1381,D1_INU,0.0,0.0,6,0.0,,
d__Bacteria;p__Firmicutes_A;c__Clostridia_258483;o__UBA1381;f__UBA1381,D2,0.0,0.0,5,0.0,,
d__Bacteria;p__Firmicutes_A;c__Clostridia_258483;o__UBA1381;f__UBA1381,D2_INU,0.0,0.0,6,0.0,,
d__Bacteria;p__Firmicutes_A;c__Clostridia_258483;o__UBA1381;f__UBA1381,D3,0.0,0.0,6,0.0,,
d__Bacteria;p__Firmicutes_A;c__Clostridia_258483;o__UBA1381;f__UBA1381,D3_INU,0.0,0.0,6,0.0,,
d__Bacteria;p__Firmicutes_A;c__Clostridia_258483;o__UBA1381;f__UBA1381,D4,0.0,0.0,9,0.0,,
d__Bacteria;p__Firmicutes_A;c__Clostridia_258483;o__UBA1381;f__UBA1381,D4_INU,0.0,0.0,9,0.0,,
d__Bacteria;p__Patescibacteria;c__Paceibacteria;o__Paceibacterales;f__Staskawiczbacteraceae,D1,0.0,0.0,6,0.0,,
d__Bacteria;p__Patescibacteria;c__Paceibacteria;o__Paceibacterales;f__Staskawiczbacteraceae,D1_INU,0.0,0.0,6,0.0,,
d__Bacteria;p__Patescibacteria;c__Paceibacteria;o__Paceibacterales;f__Staskawiczbacteraceae,D2,0.0,0.0,5,0.0,,
d__Bacteria;p__Patescibacteria;c__Paceibacteria;o__Paceibacterales;f__Staskawiczbacteraceae,D2_INU,0.0,0.0,6,0.0,,
d__Bacteria;p__Patescibacteria;c__Paceibacteria;o__Paceibacterales;f__Staskawiczbacteraceae,D3,0.666666666666667,1.63299316185545,6,0.666666666666667,,
d__Bacteria;p__Patescibacteria;c__Paceibacteria;o__Paceibacterales;f__Staskawiczbacteraceae,D4,0.888888888888889,1.83333333333333,9,0.611111111111111,,
d__Bacteria;p__Firmicutes_G;c__SHA-98;o__DTU014;f__DTU014,D1,0.0,0.0,6,0.0,,
d__Bacteria;p__Firmicutes_G;c__SHA-98;o__DTU014;f__DTU014,D1_INU,0.0,0.0,6,0.0,,
d__Bacteria;p__Firmicutes_G;c__SHA-98;o__DTU014;f__DTU014,D2,0.0,0.0,5,0.0,,
d__Bacteria;p__Firmicutes_G;c__SHA-98;o__DTU014;f__DTU014,D2_INU,0.0,0.0,6,0.0,,
d__Bacteria;p__Firmicutes_G;c__SHA-98;o__DTU014;f__DTU014,D3,0.0,0.0,6,0.0,,
d__Bacteria;p__Firmicutes_G;c__SHA-98;o__DTU014;f__DTU014,D4,0.0,0.0,9,0.0,,
d__Bacteria;p__Firmicutes_G;c__SHA-98;o__DTU014;f__DTU014,D4_INU,0.0,0.0,9,0.0,,
d__Bacteria;p__Proteobacteria;c__Gammaproteobacteria;__;__,D1,0.0,0.0,6,0.0,,
d__Bacteria;p__Proteobacteria;c__Gammaproteobacteria;__;__,D2,0.0,0.0,5,0.0,,
d__Bacteria;p__Proteobacteria;c__Gammaproteobacteria;__;__,D3,0.0,0.0,6,0.0,,
d__Bacteria;p__Proteobacteria;c__Gammaproteobacteria;__;__,D3_INU,0.0,0.0,6,0.0,,
d__Bacteria;p__Proteobacteria;c__Gammaproteobacteria;__;__,D4,0.0,0.0,9,0.0,,
d__Bacteria;p__Proteobacteria;c__Gammaproteobacteria;__;__,D4_INU,0.0,0.0,9,0.0,,
d__Bacteria;p__Firmicutes_A;c__Clostridia_258483;o__Lachnospirales;f__CAG-274,D1,0.0,0.0,6,0.0,,
d__Bacteria;p__Firmicutes_A;c__Clostridia_258483;o__Lachnospirales;f__CAG-274,D1_INU,0.0,0.0,6,0.0,,
d__Bacteria;p__Firmicutes_A;c__Clostridia_258483;o__Lachnospirales;f__CAG-274,D2,0.0,0.0,5,0.0,,
d__Bacteria;p__Firmicutes_A;c__Clostridia_258483;o__Lachnospirales;f__CAG-274,D2_INU,0.0,0.0,6,0.0,,
d__Bacteria;p__Firmicutes_A;c__Clostridia_258483;o__Lachnospirales;f__CAG-274,D3,0.0,0.0,6,0.0,,
d__Bacteria;p__Firmicutes_A;c__Clostridia_258483;o__Lachnospirales;f__CAG-274,D3_INU,0.0,0.0,6,0.0,,
d__Bacteria;p__Firmicutes_A;c__Clostridia_258483;o__Lachnospirales;f__CAG-274,D4,0.0,0.0,9,0.0,,
d__Bacteria;p__Firmicutes_A;c__Clostridia_258483;o__Lachnospirales;f__CAG-274,D4_INU,0.0,0.0,9,0.0,,
d__Bacteria;p__Proteobacteria;c__Gammaproteobacteria;o__Enterobacterales_A_737866;__,D1,0.0,0.0,6,0.0,,
d__Bacteria;p__Proteobacteria;c__Gammaproteobacteria;o__Enterobacterales_A_737866;__,D1_INU,0.0,0.0,6,0.0,,
d__Bacteria;p__Proteobacteria;c__Gammaproteobacteria;o__Enterobacterales_A_737866;__,D2,0.0,0.0,5,0.0,,
d__Bacteria;p__Proteobacteria;c__Gammaproteobacteria;o__Enterobacterales_A_737866;__,D2_INU,0.0,0.0,6,0.0,,
d__Bacteria;p__Proteobacteria;c__Gammaproteobacteria;o__Enterobacterales_A_737866;__,D3,0.0,0.0,6,0.0,,
d__Bacteria;p__Proteobacteria;c__Gammaproteobacteria;o__Enterobacterales_A_737866;__,D3_INU,0.0,0.0,6,0.0,,
d__Bacteria;p__Proteobacteria;c__Gammaproteobacteria;o__Enterobacterales_A_737866;__,D4,0.0,0.0,9,0.0,,
d__Bacteria;p__Firmicutes_A;c__Clostridia_258483;o__Oscillospirales;f__CAG-272,D1,0.0,0.0,6,0.0,,
d__Bacteria;p__Firmicutes_A;c__Clostridia_258483;o__Oscillospirales;f__CAG-272,D1_INU,0.0,0.0,6,0.0,,
d__Bacteria;p__Firmicutes_A;c__Clostridia_258483;o__Oscillospirales;f__CAG-272,D2,0.0,0.0,5,0.0,,
d__Bacteria;p__Firmicutes_A;c__Clostridia_258483;o__Oscillospirales;f__CAG-272,D2_INU,0.0,0.0,6,0.0,,
d__Bacteria;p__Firmicutes_A;c__Clostridia_258483;o__Oscillospirales;f__CAG-272,D3,0.0,0.0,6,0.0,,
d__Bacteria;p__Firmicutes_A;c__Clostridia_258483;o__Oscillospirales;f__CAG-272,D3_INU,0.0,0.0,6,0.0,,
d__Bacteria;p__Firmicutes_A;c__Clostridia_258483;o__Oscillospirales;f__CAG-272,D4,0.0,0.0,9,0.0,,
d__Bacteria;p__Firmicutes_A;c__Clostridia_258483;o__Oscillospirales;f__CAG-272,D4_INU,0.0,0.0,9,0.0,,
d__Bacteria;p__Verrucomicrobiota;c__Verrucomicrobiae;__;__,D1,1.33333333333333,3.2659863237109,6,1.33333333333333,,
d__Bacteria;p__Verrucomicrobiota;c__Verrucomicrobiae;__;__,D2,0.0,0.0,5,0.0,,
d__Bacteria;p__Verrucomicrobiota;c__Verrucomicrobiae;__;__,D3,0.0,0.0,6,0.0,,
d__Bacteria;p__Verrucomicrobiota;c__Verrucomicrobiae;__;__,D3_INU,0.0,0.0,6,0.0,,
d__Bacteria;p__Verrucomicrobiota;c__Verrucomicrobiae;__;__,D4,0.0,0.0,9,0.0,,
d__Bacteria;p__Verrucomicrobiota;c__Verrucomicrobiae;__;__,D4_INU,0.0,0.0,9,0.0,,
d__Bacteria;p__Firmicutes_A;c__Clostridia_258483;o__Christensenellales;f__Christensenellaceae,D1,0.0,0.0,6,0.0,,
d__Bacteria;p__Firmicutes_A;c__Clostridia_258483;o__Christensenellales;f__Christensenellaceae,D1_INU,0.0,0.0,6,0.0,,
d__Bacteria;p__Firmicutes_A;c__Clostridia_258483;o__Christensenellales;f__Christensenellaceae,D2,5.4,4.97995983919549,5,2.22710574513201,,
d__Bacteria;p__Firmicutes_A;c__Clostridia_258483;o__Christensenellales;f__Christensenellaceae,D3,1.5,3.67423461417477,6,1.5,,
d__Bacteria;p__Firmicutes_A;c__Clostridia_258483;o__Christensenellales;f__Christensenellaceae,D4,0.0,0.0,9,0.0,,
d__Bacteria;p__Firmicutes_A;c__Clostridia_258483;o__Christensenellales;f__Christensenellaceae,D4_INU,0.0,0.0,9,0.0,,
d__Bacteria;p__Firmicutes_A;c__Clostridia_258483;o__Christensenellales;f__CAG-917,D1,0.0,0.0,6,0.0,,
d__Bacteria;p__Firmicutes_A;c__Clostridia_258483;o__Christensenellales;f__CAG-917,D1_INU,0.0,0.0,6,0.0,,
d__Bacteria;p__Firmicutes_A;c__Clostridia_258483;o__Christensenellales;f__CAG-917,D2,0.0,0.0,5,0.0,,
d__Bacteria;p__Firmicutes_A;c__Clostridia_258483;o__Christensenellales;f__CAG-917,D2_INU,0.0,0.0,6,0.0,,
d__Bacteria;p__Firmicutes_A;c__Clostridia_258483;o__Christensenellales;f__CAG-917,D3,0.0,0.0,6,0.0,,
d__Bacteria;p__Firmicutes_A;c__Clostridia_258483;o__Christensenellales;f__CAG-917,D3_INU,0.0,0.0,6,0.0,,
d__Bacteria;p__Firmicutes_A;c__Clostridia_258483;o__Christensenellales;f__CAG-917,D4,0.0,0.0,9,0.0,,
d__Bacteria;p__Firmicutes_A;c__Clostridia_258483;o__Christensenellales;f__CAG-917,D4_INU,0.0,0.0,9,0.0,,
d__Bacteria;p__Actinobacteriota;c__Actinomycetia;o__Actinomycetales;f__Actinomycetaceae,D1,0.0,0.0,6,0.0,,
d__Bacteria;p__Actinobacteriota;c__Actinomycetia;o__Actinomycetales;f__Actinomycetaceae,D1_INU,0.0,0.0,6,0.0,,
d__Bacteria;p__Actinobacteriota;c__Actinomycetia;o__Actinomycetales;f__Actinomycetaceae,D2,0.0,0.0,5,0.0,,
d__Bacteria;p__Actinobacteriota;c__Actinomycetia;o__Actinomycetales;f__Actinomycetaceae,D2_INU,0.0,0.0,6,0.0,,
d__Bacteria;p__Actinobacteriota;c__Actinomycetia;o__Actinomycetales;f__Actinomycetaceae,D3,0.0,0.0,6,0.0,,
d__Bacteria;p__Actinobacteriota;c__Actinomycetia;o__Actinomycetales;f__Actinomycetaceae,D3_INU,0.0,0.0,6,0.0,,
d__Bacteria;p__Actinobacteriota;c__Actinomycetia;o__Actinomycetales;f__Actinomycetaceae,D4,0.0,0.0,9,0.0,,
d__Bacteria;p__Actinobacteriota;c__Actinomycetia;o__Actinomycetales;f__Actinomycetaceae,D4_INU,0.0,0.0,9,0.0,,
d__Bacteria;p__Proteobacteria;c__Gammaproteobacteria;o__Burkholderiales_592524;f__Burkholderiaceae_A_580492,D1,0.0,0.0,6,0.0,,
d__Bacteria;p__Proteobacteria;c__Gammaproteobacteria;o__Burkholderiales_592524;f__Burkholderiaceae_A_580492,D1_INU,0.0,0.0,6,0.0,,
d__Bacteria;p__Proteobacteria;c__Gammaproteobacteria;o__Burkholderiales_592524;f__Burkholderiaceae_A_580492,D2,0.0,0.0,5,0.0,,
d__Bacteria;p__Proteobacteria;c__Gammaproteobacteria;o__Burkholderiales_592524;f__Burkholderiaceae_A_580492,D2_INU,0.0,0.0,6,0.0,,
d__Bacteria;p__Proteobacteria;c__Gammaproteobacteria;o__Burkholderiales_592524;f__Burkholderiaceae_A_580492,D3,0.0,0.0,6,0.0,,
d__Bacteria;p__Proteobacteria;c__Gammaproteobacteria;o__Burkholderiales_592524;f__Burkholderiaceae_A_580492,D3_INU,0.0,0.0,6,0.0,,
d__Bacteria;p__Proteobacteria;c__Gammaproteobacteria;o__Burkholderiales_592524;f__Burkholderiaceae_A_580492,D4,0.0,0.0,9,0.0,,
d__Bacteria;p__Firmicutes_D;c__Bacilli;o__RFN20;f__CAG-288,D1,0.0,0.0,6,0.0,,
d__Bacteria;p__Firmicutes_D;c__Bacilli;o__RFN20;f__CAG-288,D1_INU,0.0,0.0,6,0.0,,
d__Bacteria;p__Firmicutes_D;c__Bacilli;o__RFN20;f__CAG-288,D2,0.0,0.0,5,0.0,,
d__Bacteria;p__Firmicutes_D;c__Bacilli;o__RFN20;f__CAG-288,D2_INU,0.0,0.0,6,0.0,,
d__Bacteria;p__Firmicutes_D;c__Bacilli;o__RFN20;f__CAG-288,D3,0.0,0.0,6,0.0,,
d__Bacteria;p__Firmicutes_D;c__Bacilli;o__RFN20;f__CAG-288,D3_INU,0.0,0.0,6,0.0,,
d__Bacteria;p__Firmicutes_D;c__Bacilli;o__RFN20;f__CAG-288,D4,0.0,0.0,9,0.0,,
d__Bacteria;p__Firmicutes_D;c__Bacilli;o__RFN20;f__CAG-288,D4_INU,0.0,0.0,9,0.0,,
d__Bacteria;p__Firmicutes_D;c__Bacilli;o__ML615J-28;f__CAG-313,D1,0.0,0.0,6,0.0,,
d__Bacteria;p__Firmicutes_D;c__Bacilli;o__ML615J-28;f__CAG-313,D1_INU,0.0,0.0,6,0.0,,
d__Bacteria;p__Firmicutes_D;c__Bacilli;o__ML615J-28;f__CAG-313,D2,0.0,0.0,5,0.0,,
d__Bacteria;p__Firmicutes_D;c__Bacilli;o__ML615J-28;f__CAG-313,D2_INU,0.0,0.0,6,0.0,,
d__Bacteria;p__Firmicutes_D;c__Bacilli;o__ML615J-28;f__CAG-313,D3,0.0,0.0,6,0.0,,
d__Bacteria;p__Firmicutes_D;c__Bacilli;o__ML615J-28;f__CAG-313,D3_INU,0.0,0.0,6,0.0,,
d__Bacteria;p__Firmicutes_D;c__Bacilli;o__ML615J-28;f__CAG-313,D4,0.0,0.0,9,0.0,,
d__Bacteria;p__Firmicutes_D;c__Bacilli;o__ML615J-28;f__CAG-313,D4_INU,0.0,0.0,9,0.0,,
d__Bacteria;p__Proteobacteria;c__Gammaproteobacteria;o__Burkholderiales_592524;f__Burkholderiaceae_A_574938,D1,0.0,0.0,6,0.0,,
d__Bacteria;p__Proteobacteria;c__Gammaproteobacteria;o__Burkholderiales_592524;f__Burkholderiaceae_A_574938,D1_INU,0.0,0.0,6,0.0,,
d__Bacteria;p__Proteobacteria;c__Gammaproteobacteria;o__Burkholderiales_592524;f__Burkholderiaceae_A_574938,D2,0.0,0.0,5,0.0,,
d__Bacteria;p__Proteobacteria;c__Gammaproteobacteria;o__Burkholderiales_592524;f__Burkholderiaceae_A_574938,D3,0.0,0.0,6,0.0,,
d__Bacteria;p__Proteobacteria;c__Gammaproteobacteria;o__Burkholderiales_592524;f__Burkholderiaceae_A_574938,D3_INU,0.0,0.0,6,0.0,,
d__Bacteria;p__Proteobacteria;c__Gammaproteobacteria;o__Burkholderiales_592524;f__Burkholderiaceae_A_574938,D4,0.0,0.0,9,0.0,,
d__Bacteria;p__Proteobacteria;c__Gammaproteobacteria;o__Burkholderiales_592524;f__Burkholderiaceae_A_574938,D4_INU,0.0,0.0,9,0.0,,
d__Bacteria;p__Firmicutes_A;c__Clostridia_258483;o__Christensenellales;f__UBA1242,D1,0.0,0.0,6,0.0,,
d__Bacteria;p__Firmicutes_A;c__Clostridia_258483;o__Christensenellales;f__UBA1242,D1_INU,0.0,0.0,6,0.0,,
d__Bacteria;p__Firmicutes_A;c__Clostridia_258483;o__Christensenellales;f__UBA1242,D2,0.0,0.0,5,0.0,,
d__Bacteria;p__Firmicutes_A;c__Clostridia_258483;o__Christensenellales;f__UBA1242,D2_INU,0.0,0.0,6,0.0,,
d__Bacteria;p__Firmicutes_A;c__Clostridia_258483;o__Christensenellales;f__UBA1242,D3,0.0,0.0,6,0.0,,
d__Bacteria;p__Firmicutes_A;c__Clostridia_258483;o__Christensenellales;f__UBA1242,D3_INU,0.0,0.0,6,0.0,,
d__Bacteria;p__Firmicutes_A;c__Clostridia_258483;o__Christensenellales;f__UBA1242,D4,0.0,0.0,9,0.0,,
d__Bacteria;p__Firmicutes_A;c__Clostridia_258483;o__Christensenellales;f__UBA1242,D4_INU,0.0,0.0,9,0.0,,
d__Bacteria;p__Firmicutes_A;c__Clostridia_258483;o__;f__,D1,0.0,0.0,6,0.0,,
d__Bacteria;p__Firmicutes_A;c__Clostridia_258483;o__;f__,D1_INU,0.0,0.0,6,0.0,,
d__Bacteria;p__Firmicutes_A;c__Clostridia_258483;o__;f__,D2,0.0,0.0,5,0.0,,
d__Bacteria;p__Firmicutes_A;c__Clostridia_258483;o__;f__,D2_INU,0.0,0.0,6,0.0,,
d__Bacteria;p__Firmicutes_A;c__Clostridia_258483;o__;f__,D3,0.0,0.0,6,0.0,,
d__Bacteria;p__Firmicutes_A;c__Clostridia_258483;o__;f__,D3_INU,0.0,0.0,6,0.0,,
d__Bacteria;p__Firmicutes_A;c__Clostridia_258483;o__;f__,D4,0.0,0.0,9,0.0,,
d__Bacteria;p__Firmicutes_A;c__Clostridia_258483;o__;f__,D4_INU,0.0,0.0,9,0.0,,
d__Bacteria;p__Patescibacteria;c__Saccharimonadia;o__Saccharimonadales;f__Nanosynbacteraceae,D1,0.0,0.0,6,0.0,,
d__Bacteria;p__Patescibacteria;c__Saccharimonadia;o__Saccharimonadales;f__Nanosynbacteraceae,D1_INU,0.0,0.0,6,0.0,,
d__Bacteria;p__Patescibacteria;c__Saccharimonadia;o__Saccharimonadales;f__Nanosynbacteraceae,D2,0.0,0.0,5,0.0,,
d__Bacteria;p__Patescibacteria;c__Saccharimonadia;o__Saccharimonadales;f__Nanosynbacteraceae,D2_INU,0.0,0.0,6,0.0,,
d__Bacteria;p__Patescibacteria;c__Saccharimonadia;o__Saccharimonadales;f__Nanosynbacteraceae,D3,0.0,0.0,6,0.0,,
d__Bacteria;p__Patescibacteria;c__Saccharimonadia;o__Saccharimonadales;f__Nanosynbacteraceae,D3_INU,0.0,0.0,6,0.0,,
d__Bacteria;p__Patescibacteria;c__Saccharimonadia;o__Saccharimonadales;f__Nanosynbacteraceae,D4,0.0,0.0,9,0.0,,
d__Bacteria;p__Patescibacteria;c__Saccharimonadia;o__Saccharimonadales;f__Nanosynbacteraceae,D4_INU,0.0,0.0,9,0.0,,
d__Bacteria;p__Proteobacteria;c__Gammaproteobacteria;o__Burkholderiales_592524;f__Burkholderiaceae_A_574934,D1,0.0,0.0,6,0.0,,
d__Bacteria;p__Proteobacteria;c__Gammaproteobacteria;o__Burkholderiales_592524;f__Burkholderiaceae_A_574934,D1_INU,0.0,0.0,6,0.0,,
d__Bacteria;p__Proteobacteria;c__Gammaproteobacteria;o__Burkholderiales_592524;f__Burkholderiaceae_A_574934,D2,0.0,0.0,5,0.0,,
d__Bacteria;p__Proteobacteria;c__Gammaproteobacteria;o__Burkholderiales_592524;f__Burkholderiaceae_A_574934,D2_INU,0.0,0.0,6,0.0,,
d__Bacteria;p__Proteobacteria;c__Gammaproteobacteria;o__Burkholderiales_592524;f__Burkholderiaceae_A_574934,D3,0.0,0.0,6,0.0,,
d__Bacteria;p__Proteobacteria;c__Gammaproteobacteria;o__Burkholderiales_592524;f__Burkholderiaceae_A_574934,D3_INU,0.0,0.0,6,0.0,,
d__Bacteria;p__Proteobacteria;c__Gammaproteobacteria;o__Burkholderiales_592524;f__Burkholderiaceae_A_574934,D4,0.444444444444444,1.33333333333333,9,0.444444444444444,,
d__Bacteria;p__Firmicutes_A;c__Clostridia_258483;o__Tissierellales;f__Peptoniphilaceae,D1,0.0,0.0,6,0.0,,
d__Bacteria;p__Firmicutes_A;c__Clostridia_258483;o__Tissierellales;f__Peptoniphilaceae,D1_INU,0.0,0.0,6,0.0,,
d__Bacteria;p__Firmicutes_A;c__Clostridia_258483;o__Tissierellales;f__Peptoniphilaceae,D2,0.0,0.0,5,0.0,,
d__Bacteria;p__Firmicutes_A;c__Clostridia_258483;o__Tissierellales;f__Peptoniphilaceae,D2_INU,0.0,0.0,6,0.0,,
d__Bacteria;p__Firmicutes_A;c__Clostridia_258483;o__Tissierellales;f__Peptoniphilaceae,D3,0.0,0.0,6,0.0,,
d__Bacteria;p__Firmicutes_A;c__Clostridia_258483;o__Tissierellales;f__Peptoniphilaceae,D3_INU,0.0,0.0,6,0.0,,
d__Bacteria;p__Firmicutes_A;c__Clostridia_258483;o__Tissierellales;f__Peptoniphilaceae,D4,0.0,0.0,9,0.0,,
d__Bacteria;p__Firmicutes_A;c__Clostridia_258483;o__Tissierellales;f__Peptoniphilaceae,D4_INU,0.0,0.0,9,0.0,,
d__Bacteria;p__Patescibacteria;c__Saccharimonadia;o__Saccharimonadales;f__Nanoperiomorbaceae,D1,0.0,0.0,6,0.0,,
d__Bacteria;p__Patescibacteria;c__Saccharimonadia;o__Saccharimonadales;f__Nanoperiomorbaceae,D1_INU,0.0,0.0,6,0.0,,
d__Bacteria;p__Patescibacteria;c__Saccharimonadia;o__Saccharimonadales;f__Nanoperiomorbaceae,D2,0.0,0.0,5,0.0,,
d__Bacteria;p__Patescibacteria;c__Saccharimonadia;o__Saccharimonadales;f__Nanoperiomorbaceae,D2_INU,0.0,0.0,6,0.0,,
d__Bacteria;p__Patescibacteria;c__Saccharimonadia;o__Saccharimonadales;f__Nanoperiomorbaceae,D3,0.0,0.0,6,0.0,,
d__Bacteria;p__Patescibacteria;c__Saccharimonadia;o__Saccharimonadales;f__Nanoperiomorbaceae,D3_INU,0.0,0.0,6,0.0,,
d__Bacteria;p__Patescibacteria;c__Saccharimonadia;o__Saccharimonadales;f__Nanoperiomorbaceae,D4,0.0,0.0,9,0.0,,
d__Bacteria;p__Firmicutes_A;c__Clostridia_258483;o__Lachnospirales;f__,D1,0.0,0.0,6,0.0,,
d__Bacteria;p__Firmicutes_A;c__Clostridia_258483;o__Lachnospirales;f__,D2,0.0,0.0,5,0.0,,
d__Bacteria;p__Firmicutes_A;c__Clostridia_258483;o__Lachnospirales;f__,D2_INU,0.0,0.0,6,0.0,,
d__Bacteria;p__Firmicutes_A;c__Clostridia_258483;o__Lachnospirales;f__,D3,0.0,0.0,6,0.0,,
d__Bacteria;p__Firmicutes_A;c__Clostridia_258483;o__Lachnospirales;f__,D3_INU,0.0,0.0,6,0.0,,
d__Bacteria;p__Firmicutes_A;c__Clostridia_258483;o__Lachnospirales;f__,D4,0.0,0.0,9,0.0,,
d__Bacteria;p__Firmicutes_A;c__Clostridia_258483;o__Lachnospirales;f__,D4_INU,0.0,0.0,9,0.0,,
d__Bacteria;p__Bacteroidota;c__Bacteroidia;o__Chitinophagales;f__Chitinophagaceae_966727,D1,0.166666666666667,0.408248290463863,6,0.166666666666667,,
d__Bacteria;p__Bacteroidota;c__Bacteroidia;o__Chitinophagales;f__Chitinophagaceae_966727,D2,0.0,0.0,5,0.0,,
d__Bacteria;p__Bacteroidota;c__Bacteroidia;o__Chitinophagales;f__Chitinophagaceae_966727,D2_INU,0.0,0.0,6,0.0,,
d__Bacteria;p__Bacteroidota;c__Bacteroidia;o__Chitinophagales;f__Chitinophagaceae_966727,D3,0.0,0.0,6,0.0,,
d__Bacteria;p__Bacteroidota;c__Bacteroidia;o__Chitinophagales;f__Chitinophagaceae_966727,D3_INU,0.0,0.0,6,0.0,,
d__Bacteria;p__Bacteroidota;c__Bacteroidia;o__Chitinophagales;f__Chitinophagaceae_966727,D4,0.0,0.0,9,0.0,,
Tratamiento,D1,,,0,,,
Tratamiento,D1_INU,,,0,,,
Tratamiento,D2,,,0,,,
Tratamiento,D2_INU,,,0,,,
Tratamiento,D3,,,0,,,
Tratamiento,D3_INU,,,0,,,
Tratamiento,D4,,,0,,,
Tratamiento,D4_INU,,,0,,,
Tiempo,D1,,,0,,,
Tiempo,D1_INU,,,0,,,
Tiempo,D2,,,0,,,
Tiempo,D2_INU,,,0,,,
Tiempo,D3,,,0,,,
Tiempo,D3_INU,,,0,,,
Tiempo,D4,,,0,,,
Tiempo,D4_INU,,,0,,,
